Review,Brand,Variety,Style,Country,Stars,TopTen
2580,New Touch,T's Restaurant Tantanmen,Cup,Japan,3.75,NA
2579,Just Way,Noodles Spicy Hot Sesame Spicy Hot Sesame Guan-miao Noodles,Pack,Taiwan,1,NA
2578,Nissin,Cup Noodles Chicken Vegetable,Cup,USA,2.25,NA
2577,Wei Lih,GGE Ramen Snack Tomato Flavor,Pack,Taiwan,2.75,NA
2575,Samyang Foods,Kimchi song Song Ramen,Pack,South Korea,4.75,NA
2574,Acecook,Spice Deli Tantan Men With Cilantro,Cup,Japan,4,NA
2573,Ikeda Shoku,Nabeyaki Kitsune Udon,Tray,Japan,3.75,NA
2572,Ripe'n'Dry,Hokkaido Soy Sauce Ramen,Pack,Japan,0.25,NA
2570,Tao Kae Noi,Creamy tom Yum Kung Flavour,Pack,Thailand,5,NA
2569,Yamachan,Yokohama Tonkotsu Shoyu,Pack,USA,5,NA
2568,Nongshim,Mr. Bibim Stir-Fried Kimchi Flavor,Pack,South Korea,4.25,NA
2567,Nissin,Deka Buto Kimchi Pork Flavor,Bowl,Japan,4.5,NA
2563,Yamachan,Tokyo Shoyu Ramen,Pack,USA,5,NA
2561,Paldo,Premium Gomtang,Pack,South Korea,4,NA
2559,Jackpot Teriyaki,Beef Ramen,Pack,USA,5,NA
2557,Yamachan,Sapporo Miso Ramen,Pack,USA,4.75,NA
2555,Samyang Foods,Song Song Kimchi Big Bowl,Bowl,South Korea,4.25,NA
2553,Nissin,Hakata Ramen Noodle White Tonkotsu,Bowl,Japan,4.75,NA
2550,Samyang Foods,Paegaejang Ramen,Pack,South Korea,5,NA
2547,Sichuan Guangyou,Chongqing Spicy Hot Noodles,Bowl,China,4,NA
2546,New Touch,Sugo-Men Kyoto Backfat Shoyu Ramen,Bowl,Japan,3.75,NA
2544,Lipton,Cup-A-Soup Chicken Noodle With White Meat Instant Soup,Box,USA,1.5,NA
2542,Acecook,Super Cup Yochan Ika Yakisoba,Tray,Japan,1.5,NA
2541,Nissin,Cup Noodles Very Veggie Spicy Chicken Flavor Ramen Noodle Soup,Cup,USA,5,NA
2540,Wei Lih,GGE Noodle Snack Wheat Crackers Mexican Spicy,Pack,Taiwan,3.25,NA
2538,Nissin,Cup Noodles Very Veggie Beef Flavor Ramen Noodle Soup,Cup,USA,5,NA
2535,Nissin,Cup Noodles Very Veggie Chicken Flavor Ramen Noodle Soup,Cup,USA,5,NA
2534,Fujiwara,Hokkaido Hakodate Shoyu Ramen,Pack,Japan,4,NA
2533,Nongshim,Shin Ramyun Black,Pack,South Korea,5,NA
2532,Nissin,Nippon Onomichi Ramen,Bowl,Japan,4.75,NA
2531,Uni-President,Pickled Cabbage Beef,Pack,China,4.25,NA
2530,Ottogi,Ppushu Ppushu Noodle Snack Honey Butter,Pack,South Korea,2,NA
2529,Maruchan,Gotsumori Chanpon Ramen,Bowl,Japan,4.5,NA
2526,Samyang Foods,Jjamppong Big Bowl,Bowl,South Korea,4.5,NA
2525,Sokensha,Curry Udon,Pack,Japan,3.5,NA
2523,Nongshim,Budae Jjigae Noodle Soup,Pack,South Korea,4.5,NA
2522,Takamori,Hearty Japanese Style Curry Udon,Pack,Japan,5,NA
2519,Guava Story,Anchovy Flavor Guava Rice Noodles,Tray,South Korea,1,NA
2518,Samurai Ramen,Umami Ramen,Pack,Japan,4,NA
2517,Ikeda Shoku,Nabeyaki Tempura Udoin,Bowl,Japan,4.5,NA
2516,Fujiwara,Hokkaido Hakodate Miso Ramen,Pack,Japan,3.5,NA
2515,Uni-President,Man Han Feast Spicy Beef Flavor Instant Noodles,Bowl,Taiwan,5,NA
2514,Ogasawara,Kirin Giraffe Shoyu Ramen,Pack,Japan,4.5,NA
2513,Pringles,Nissin Top Ramen Chicken Flavor Potato Crisps,Can,USA,3.5,NA
2512,Mom's Dry Noodle,Dan Dan Noodle,Pack,Taiwan,5,NA
2511,Samyang Foods,Samyang Ramen Classic Edition,Bowl,South Korea,5,NA
2508,Samyang Foods,Mala Buldak Bokkeummyun,Pack,South Korea,3.75,NA
2505,Acecook,Super Cup Torigawa Shoyu,Bowl,Japan,3.5,NA
2504,Nongshim,Shin Ramyun,Pack,South Korea,3,NA
2503,Sichuan Guangyou,Sweet Potato Instant Noodle Sout-Hot Flavor,Bowl,China,0,NA
2501,Happy Cook,Toona Paste Noodle,Pack,Taiwan,4,NA
2483,Paldo,Bul Jjamppong,Bowl,South Korea,5,NA
2482,TTL,Chicken With Chinese Shaoxing Wine,Pack,Taiwan,4.75,NA
2481,Samyang Foods,Buldak Bokkeummyun,Cup,South Korea,3.75,NA
2480,Acecook,Pork Wantan Men,Bowl,Japan,4.25,NA
2478,Kiki Noodle,Scallion Oil & Soy Sauce Noodle,Pack,Taiwan,5,NA
2477,Kiki Noodle,Sichuan Spices Flavor Noodle,Pack,Taiwan,5,NA
2476,Samyang Foods,Kimchi Stew Ramyun,Bowl,South Korea,4,NA
2475,Maruchan,Seimen Red Spicy Dandan Men,Bowl,Japan,4.75,NA
2474,Ottogi,Ppushu Ppushu Noodle Snack Chilli Cheese Flavor,Pack,South Korea,4.25,NA
2473,Tokyo Noodle,Mini Instant Noodle Mild Curry Flavor,Pack,Japan,2,NA
2472,GGE,Noodle Snack Wheat Cracks Seaweed Flavor,Pack,Taiwan,3.5,NA
2470,Myojo,Udon Japanese Style Noodles With Soup Base Hot & Sour Flavor,Pack,USA,3.75,NA
2468,Acecook,Dossari Yasai Chanpon,Cup,Japan,4.25,NA
2467,Paldo,Volcano Curry Kkokkomyun,Pack,South Korea,3.5,NA
2465,Nissin,Cup Noodles XO Sauce Seafood,Cup,China,3.75,NA
2464,Wang,Extreme Spicy Hot Chicken Flavor Udon,Bowl,South Korea,2,NA
2462,TTL,Sesame Oil Chicken Noodle With Rice Wine,Bowl,Taiwan,5,NA
2461,Fujiwara,Hokkaido Hakodate Shio Ramen,Pack,Japan,4.5,NA
2460,Daifuku,Katsuo Bowl Udon,Bowl,USA,5,NA
2459,Nissin,Cup Noodles MUG Shoyu & Seafood,Pack,Japan,3.5,NA
2441,MyKuali,Penang Hokkien Prawn Flavor Noodle,Box,Japan,5,NA
2440,Master Kong,Roasted Pork Noodle,Pack,China,4.5,NA
2439,Uni-President,Man Han Feast Super Hot Pot Beef Flavor Instant Noodles,Bowl,Taiwan,5,NA
2437,Nissin,Raoh Nojyuku Toro Tonkotsu Ramen,Bowl,Japan,4.5,NA
2434,Happy Cook,Old Beijing Fried Bean Sauce Noodle,Pack,Taiwan,4.25,NA
2433,Nissin,Cup Noodles Indonesia Mie Goreng,Cup,Japan,3.75,NA
2432,Fashion Food,Yummy Spicy Rice Soup With Seafood,Bowl,Thailand,3.5,NA
2431,Dream Kitchen,Udon Japanese Style Fresh Noodle,Bowl,USA,3.75,NA
2429,New Touch,T's Restaurant Sura Tanmen,Cup,Japan,4,NA
2428,TTL,Sesame Oil Chicken With Rice Wine Noodle,Bowl,Taiwan,5,NA
2427,Ajinatori,HALAL Chicken Shoyu Sauce Ramen,Pack,Japan,2.5,NA
2426,Dr. McDougall's,Vegan Pad Thai Noodle Soup,Cup,USA,0,NA
2424,Samyang Foods,Cheese Type Buldak Bokkeummyun (Black Pkg),Pack,South Korea,3.75,NA
2423,Ve Wong,Kung-Fu Instant Oriental Noodles Soup Artificial Onion Flavor,Pack,Taiwan,3.5,NA
2421,Uni-President,Baseball Snack Noodle,Pack,Taiwan,5,NA
2420,Nissin,Cup Noodles Spicy Seafood Flavor,Cup,China,3.75,NA
2419,MyKuali,Penang Red Tom Yum Goong,Box,Japan,5,NA
2418,Myojo,Yomise No Yakisoba Karashi Mentaiko Flavor,Tray,Japan,4.5,NA
2416,Xiuhe,Hot & Sour Beef Noodles,Bowl,China,4.25,NA
2415,Nissin,Kitsune Udon Donbei (West),Bowl,Japan,5,NA
2414,Little Cook,Thailand Green Curry Instant Noodle,Bowl,Taiwan,5,NA
2412,Shirakiku,Sanukiya Udon Shrimp Flavor,Pack,USA,3.25,NA
2411,Mama Pat's,Chicken Fajita Flavor Instant Ramen Noodles,Pack,USA,3.75,NA
2410,Mama Pat's,Lamb Stew Flavor Instant Ramen Noodles,Pack,USA,3.75,NA
2409,Mama Pat's,Seafood Gumbo Flavor Instant Ramen Noodles,Pack,USA,3.5,NA
2408,Mama Pat's,Chicken Taco Flavor Instant Ramen Noodles,Pack,USA,3.75,NA
2407,Just Way,Chuan Wei Spicy Guan-miao Noodles,Pack,Taiwan,4.5,NA
2406,Sichuan Guangyou,Sweet Potato Instant Noodle Braised Spicy Chitterling Flavor,Pack,China,0.25,NA
2403,Goku-Uma,Yakisoba Japanese Style Noodle,Bowl,USA,4.75,NA
2401,Sichuan Baijia,Chongqing Noodles Burning Dry Noodles,Bowl,China,5,NA
2398,Liang Cheng Mai,Shaanxi Cold Noodle: Mustard Spicy,Tray,China,1,NA
2397,Samyang Foods,Cheese Buldak Bokkeummyun (Black),Bowl,South Korea,4,NA
2395,Master Kong,Chicken Flavor Instant Noolde,Pack,China,4.25,NA
2393,Ripe'n'Dry,Hokkaido Miso Ramen,Pack,Japan,3,NA
2391,Ottogi,Jin Jjambbong Spicy Seafood Ramyun,Pack,South Korea,5,NA
2389,Gefen,Imitation Chicken Flavor,Cup,USA,4,NA
2388,Hua Feng,Three Fresh Delicacies Instant Noodle,Pack,China,4.25,NA
2385,Uni-President,Man Han Feast Chilli Beef Flavor Instant Noodles,Bowl,Taiwan,4.75,NA
2384,Sichuan Guangyou,9999 Chongqing Artificial Beef Flavor Instant Noodle,Pack,China,4.25,NA
2383,Nissin,Cup Noodles Beef Flavor Ramen Noodle Soup (New Recipe),Cup,USA,3.5,NA
2382,Nongshim,Seaweed Instant Noodle,Cup,South Korea,0.5,NA
2380,Pulmuone,Non-Fried Ramyun With Spicy Beef Broth,Pack,South Korea,3.75,NA
2379,Nissin,Cup Noodles Hot & Spicy Shrimp Flavor Ramen Noodle Soup (New Recipe),Cup,USA,2.5,NA
2376,Nissin,Disney Cuties Instant Chicken With Corn Flavour,Cup,Thailand,3.25,NA
2375,Uni-President,Man Han Feast Braised Pork Flavor Instant Noodles,Bowl,Taiwan,5,NA
2372,Liu Quan,Instant Spicy Rice Noodle,Bowl,China,4,NA
2371,Daikoku,Tanuki Soba,Cup,Japan,3.5,NA
2370,Samyang Foods,Zzaldduck Buldak Bokkeummyun Snack,Pack,South Korea,4.5,NA
2369,Samyang Foods,Curry Buldak Bokkeummyun,Pack,South Korea,4.25,NA
2368,Samyang Foods,Cool/Ice Buldak Bokkeummyun,Pack,South Korea,3.75,NA
2367,Samyang Foods,2x Spicy Haek Buldak Bokkeummyun,Pack,South Korea,4,NA
2366,Samyang Foods,Buldak Bokkeummyun Snack,Pack,South Korea,5,NA
2365,Samyang Foods,Stew Buldak Bokkeumtangmyun,Pack,South Korea,5,NA
2364,Samyang Foods,Cheese Buldak Bokkeummyun,Pack,South Korea,4,NA
2363,Samyang Foods,Buldak Bokkeummyun (New Packaging),Pack,South Korea,4,NA
2362,Chuan Wei Wang,Bowl Instant Noodles Artificial Spicy Beef Flavor,Bowl,China,4,NA
2359,Daikoku,Kitsune Udon,Cup,Japan,2,NA
2358,Sichuan Baijia,Pickled Cabbage Flavor Instant Vermicelli,Bowl,China,4,NA
2356,Nongshim,Spicy Shrimp Cup Noodle,Cup,South Korea,4,NA
2355,Marutai,Nagasaki Agodashi Shoyu Ramen,Pack,Japan,4,NA
2353,Nissin,"Cup Noodles Rich Garlic, Egg Yolk & Oxtail",Cup,Japan,4,NA
2352,Uni-President,Minced Pork Flavor Instant Noodles,Pack,Taiwan,1,NA
2348,Ripe'n'Dry,Hokkaido Salt Ramen,Pack,Japan,3,NA
2345,Sempio,Clam Flavor Soup Kal-guksu,Pack,South Korea,5,NA
2330,Ve Wong,Little Prince(ss) Brand Snack Noodles Artificial Mexican Pizza Flavor,Pack,Taiwan,4,NA
2328,Qin Zong,Shaanxi Cold Noot Hot & Sour Flavor,Pack,China,3,NA
2327,Nissin,Cup Noodles Spicy Lime Flavor Ramen Noodle Soup (New Recipe),Cup,USA,4,NA
2324,Paldo,Bul Jjajangmyeon,Pack,South Korea,5,NA
2323,Ogasawara,Kirin Giraffe Shio Ramen,Pack,Japan,5,NA
2322,Sapporo Ichiban,Mie Kamayama Ramen Gyukotsu Misoaji,Bowl,Japan,3,NA
2320,Nissin,Nupasta Bolognese Flavour Instant Noodle,Cup,Japan,4,NA
2319,Nongshim,Saeutang Sabalmyeon,Bowl,South Korea,3.5,NA
2318,Happy Cook,Sichuan Spicy Flavor,Pack,Taiwan,5,NA
2317,MAMA,Instant Bowl Noodles Shrimp (Tom Yum) Flavor Base,Bowl,Thailand,4,NA
2316,Nissin,Cup Noodle Spicy Curry Chicken,Cup,Japan,5,NA
2315,Goku-Uma,Ramen Noodles Miso Flavor,Bowl,USA,3,NA
2313,Xiao Ban Mian,Sesame Oil With Garlic Flavor Thin Noodle,Pack,Taiwan,3.5,NA
2312,Xiao Ban Mian,Traditional Shallot & Onion Oil Noodle,Pack,Taiwan,5,NA
2311,Xiao Ban Mian,Sesame Sauce Matcha Noodle,Pack,Taiwan,3.8,NA
2305,Ajinatori,Chicken Flavor Ramen,Pack,Japan,4,NA
2302,Nissin,Yakisoba,Tray,Japan,5,NA
2298,Nissin,Cup Noodles Spicy Chile Chicken (New Recipe),Cup,USA,4,NA
2297,Chuan Wei Wang,Bowl Instant Noodles Artificial Beef With Sauerkraut Flavor,Bowl,China,3,NA
2295,Nissin,Cup Noodles Seafood,Cup,China,4,NA
2294,Sapporo Ichiban,Tabimen AizuKitakata Gyokai Shoyu Ramen,Bowl,Japan,4,NA
2292,Sichuan Baijia,Chongqing Noodles Spicy Hot Flavor,Pack,China,5,NA
2291,Samyang Foods,Buldak Bokkummyun Cheese Flavor,Pack,South Korea,4,NA
2289,Myojo,Shin Toyama Black Ramen,Bowl,Japan,4,NA
2287,Master Kong,Artificial Abalone Crab Flavor Instant Noodle,Pack,China,0,NA
2283,Nissin,Raoh Pork Bone Soy Soup Noodle,Pack,Japan,5,NA
2282,Samyang Foods,Gold Jjamppong Fried Noodle,Pack,South Korea,5,NA
2280,Sichuan Baijia,Chongqing Noodles Hot & Sour Flavor,Pack,China,4,NA
2278,Nissin,Raoh Tantanmen,Pack,Japan,5,NA
2277,Goku-Uma,Ramen Noodles Soy Sauce Flavor,Bowl,USA,3,NA
2276,Nissin,Cup Noodles With Shrimp Ramen Noodle Soup (New Recipe),Cup,USA,3,NA
2275,JML,Hot & Sour Beef Noodles,Pack,China,4,NA
2273,Uni-President,A Q Bucket Noodle Korean Kimchi Flavor,Bowl,Taiwan,4,NA
2271,Sichuan Baijia,Chongqing Noodles Burning Dry Noodles,Pack,China,5,NA
2270,Samyang Foods,Fresh Bibimmyun Fried Noodle,Pack,South Korea,4,NA
2267,Shirakiku,Karami Ramen Spicy Chili Flavour Japanese Style Noodle With Soup Base,Pack,USA,2,NA
2266,Nissin,Disney Cuties Instant Noodle Crab Flavour,Cup,Thailand,4,NA
2265,Nissin,Cup Noodles Rich Soft Shelled Turle Soup,Cup,Japan,3,NA
2264,Unif Tung-I,Instant Vegetarian Beehoon Rice Vermicelli,Pack,Taiwan,1,NA
2263,Sichuan Baijia,Broad Noodle Artificial Beef Flavor Hot Pot,Pack,China,4,NA
2262,Dream Kitchen,Curry Flavour Instant Noodles,Cup,USA,5,NA
2261,Tablemark,Tohokuno Aji Yonezawa Ramen,Bowl,Japan,4,NA
2260,Uni-President,Science Noodle (X'Mas Edition),Pack,Taiwan,5,NA
2259,Farmer's Heart,Pho Beef Flavor Vietnamese Rice Noodle Soup,Bowl,USA,3.75,NA
2256,Goku-Uma,Ramen Noodles Artificially Flavored Tonkotsu,Bowl,USA,3,NA
2255,Daikoku,Hiroshima Flavor Yakisoba,Tray,Japan,5,NA
2254,Nissin,Disney Cuties Instant Noodle Seaweed Flavour,Cup,Thailand,3,NA
2252,New Touch,Sugomen Sano Ramen,Bowl,Japan,5,NA
2249,Love Cook,Sun Dried Noodle - Fruity Soy Bean Paste,Pack,Taiwan,4,NA
2248,Nongshim,Shin Noodle Soup,Cup,USA,5,NA
2247,Nissin,Sapporo Noukou Miso Ramen,Bowl,Japan,5,NA
2246,Dream Kitchen,Soy Sauce,Cup,USA,4,NA
2240,Wang,Rice Noodle Anchovy Flavor,Bowl,South Korea,3,NA
2239,Nissin,Cup Noodles Chicken Flavor Ramen Noodle Soup (New Recipe),Cup,USA,4,NA
2237,Nissin,Cup Noodle Light+ Bagna Cauda,Cup,Japan,5,NA
2236,Maruchan,Gotsumori Koku Tonkotsu Ramen,Bowl,Japan,4,NA
2235,Fashion Food,Tom Yum Shrimp Creamy Flavour Instant Noodles,Bowl,Thailand,4,NA
2234,Paldo,Bibim Men,Bowl,South Korea,5,NA
2232,Nissin,Spicy Chikin Donburi,Bowl,Japan,5,NA
2230,Marutai,Kuroma-Yu Tonkotsu Kumamoto Ramen,Pack,Japan,4,NA
2228,Nissin,Raoh Shoyu Ramen,Bowl,Japan,5,NA
2227,Maruchan,Ramen Noodle Soup Sriracha Chicken Flavor,Pack,USA,4,NA
2226,Nagatanien,Hiyashi Soba Taidashi Goma,Pack,Japan,3,NA
2221,Nissin,Cup Noodle Seafood,Cup,Japan,5,NA
2220,Paldo,Budae Jjigae,Pack,South Korea,5,NA
2218,Tseng Noodles,Spicy Braised Pork Flavor,Pack,Taiwan,4,NA
2216,A-Sha Dry Noodle,Chow Mein Spicy Flavor,Tray,Taiwan,3,NA
2214,Sapporo Ichiban,Tabimen Nagasaki Chanpon,Bowl,Japan,4,NA
2212,Paldo,Bul Jjamppong,Pack,South Korea,4,NA
2211,Nissin,Disney Cuties Instant Noodle Roast Pork Flavour,Cup,Thailand,3,NA
2208,Roland,Ramen Japanese Style Quick-Cooking Alimentary Paste With Chicken Artificially Flavored Soup Base,Pack,USA,0,NA
2206,Nissin,Deka Buto Kuro M-yu Tonkotsu,Bowl,Japan,5,NA
2205,Maruchan,Bowl Taste Of Asia Hearty Pork Flavor Tonkotsu Ramen,Bowl,USA,4,NA
2203,Nongshim,Bowl Noodle Soup Independence Day Limited Edition Spicy Chicken Flavor,Bowl,USA,4,NA
2195,Nissin,Gyorai Inaniwa Chuka Soba,Bowl,Japan,5,NA
2191,Choumama,XO Scallops Sauce Dry Noodles,Pack,Taiwan,4,NA
2190,Myojo,Barikata Noukou Tonkotsu Shoyu,Bowl,Japan,4.75,NA
2187,Pulmuone,Non-Fried Ramyun Noodle (Crab Flavor),Pack,South Korea,5,NA
2186,Master Kong,Assorted Seafood Noodles,Pack,China,4,NA
2185,Nissin,Raoh Hot & Sour Ramen,Pack,Japan,5,NA
2184,President Rice,Coriander Instant Rice Noodles,Bowl,Thailand,2.75,NA
2183,MAMA,Instant Rice Noodles Moo Nam Tok Flavour,Pack,Thailand,3.5,NA
2182,MAMA,Instant Rice Vermicelli Clear Soup,Pack,Thailand,3.5,NA
2181,MAMA,Instant Rice Noodles Chicken Flavour,Pack,Thailand,4,NA
2180,MAMA,Pho Ga Rice Noodles With Artificial Chicken Flavour,Bowl,Thailand,3,NA
2179,MAMA,Oriental Kitchen Instant Rice Vermicelli In Gravy,Pack,Thailand,5,NA
2178,MAMA,Instant Tom Yam Rice Noodles,Pack,Thailand,4,NA
2177,MAMA,Instant Rice Noodles Vegetable Flavour,Pack,Thailand,4,NA
2176,MAMA,Instant Rice Vermicelli Yentafo Tom Yam Mohfai,Pack,Thailand,5,NA
2175,MAMA,Instant Flat Noodles Clear Soup,Pack,Thailand,4,NA
2174,MAMA,Cup Rice Noodles Tom Saab Flavour,Cup,Thailand,5,NA
2173,MAMA,Instant Rice Noodles Stew Beef Flavour,Pack,Thailand,4,NA
2172,MAMA,Instant Rice Noodles Phnom Penh Style,Pack,Thailand,4,NA
2171,MAMA,Instant Flat Noodles Tom Yam Flavour,Pack,Thailand,4,NA
2170,Maruchan,Ramen Noodle soup Mushroom Flavor,Pack,USA,4,NA
2168,Tseng Noodles,Rice Noodle Shallot With Braised Pork Flavor,Pack,Taiwan,5,NA
2166,JML,Instant Noodle Artificial Beef Flavor 7 sour Pickled Cabbage,Pack,China,4,NA
2164,Tseng Noodles,Rice Noodle Chinese Mushroom With Soybean Vegetarian Braised Pork Flavor,Pack,Taiwan,5,NA
2163,Nissin,Piritto Karakuchi Tantan Udon,Bowl,Japan,4,NA
2162,Tseng Noodles,Rice Noodle Seafood Laksa Flavour,Pack,Taiwan,5,NA
2161,Nongshim,Chal Bibim Myun,Pack,South Korea,5,NA
2160,Menraku,Japanese Yakisoba Umami Sauce,Bowl,Japan,5,NA
2158,A-Sha Dry Noodle,Chow Mein Original Flavor,Tray,Taiwan,5,NA
2157,Master Kong,Artificial Mushroom Chicken Flavor Instant Noodle,Pack,China,4,NA
2156,A-Sha Dry Noodle,Chow Mein Oyster Sauce BBQ Flavor,Tray,Taiwan,2,NA
2155,Jingqi,Aloe Vera Guan Mian Purple Sweet Potato Noodle With Spicy Miso Sauce,Pack,Taiwan,4,NA
2154,Jingqi,Black Eyes Bean Original Noodle With Sesame Sauce,Pack,Taiwan,4,NA
2153,Jingqi,Aloe Vera Guan Mian Pumpkin Noodle With Basil Sauce,Pack,Taiwan,4,NA
2152,Jingqi,Black Eyes Bean Cyanobacteria Noodle With Ginger Oil Sauce,Pack,Taiwan,5,NA
2151,Jingqi,Aloe Vera Guan Mian Original Noodle With Sesame Sauce,Pack,Taiwan,5,NA
2150,Jingqi,Black Eyes Bean Purple Sweet Potato Noodle With Spicy Miso Sauce,Pack,Taiwan,3,NA
2149,Jingqi,Aloe Vera Guan Mian Cyanobacteria Noodle With Ginger Oil Sauce,Pack,Taiwan,5,NA
2148,Jingqi,Black Eyes Bean Pumpkin Noodles With Basil Sauce,Pack,Taiwan,5,NA
2147,Maruchan,Instant Lunch Pork Flavor Ramen Noodles With Vegetables,Cup,USA,3,NA
2146,Sapporo Ichiban,Kun Ramen Sumo-kuchikin (Smoked Chicken),Bowl,Japan,3,NA
2145,Dream Kitchen,Tonkotsu,Cup,USA,3,NA
2142,Maruchan,Bowl Taste Of Asia Miso Chicken Flavor Spicy Miso Ramen,Bowl,USA,4,NA
2141,Nissin,Men Shokunin Kaoruyasai Shio,Bowl,Japan,5,NA
2140,Wang,Rice Noodle Seafood Flavour,Bowl,South Korea,5,NA
2133,Nissin,Kimchi Chikin Ramen Donburi,Bowl,Japan,5,NA
2132,Maruchan,Instant Lunch Chipotle Chicken Flavor Ramen Noodle Soup,Cup,USA,5,NA
2128,Sapporo Ichiban,Taimeiken Yousyoku Yasangatsukutta Omumen,Cup,Japan,4,NA
2126,Nissin,Mennippon Oumi Chanpon,Bowl,Japan,5,NA
2124,7 Select,Nissin Instant Noodles Tom Yum Seafood Creamy Flavour King Cup,Bowl,Thailand,3.5,NA
2123,Nissin,Cup Noodles Tom Yum Shrimp Sabb Flavour,Cup,Thailand,5,NA
2122,Nissin,Chilli Noodles Stir Fried Holy Basil Flavour,Pack,Thailand,5,NA
2121,Nissin,Instant Noodles Moo Manao Flavour,Pack,Thailand,4,NA
2120,Nissin,Super Tom Yum Shrimp,Cup,Thailand,3.5,NA
2119,Nissin,Cup Noodles Minced Pork Flavour,Cup,Thailand,3.5,NA
2118,Nissin,Chilli Noodles Tom Yum Shrimp Creamy Soup Flavour,Cup,Thailand,3.25,NA
2117,7 Select,Nissin Instant Noodles Shrimp Ma Nao Lui Suan Flavour King Cup,Bowl,Thailand,4,NA
2116,Nissin,Instant Noodles Tom Yum Shrimp Saab Flavour,Pack,Thailand,4,NA
2115,Nissin,Cup Noodles Moo Manao Flavour,Cup,Thailand,4,NA
2114,Nissin,Instant Noodles Minced Pork Flavour,Pack,Thailand,3.5,NA
2113,Nissin,Cup Noodles Seafood Creamy Flavour,Cup,Thailand,4,NA
2112,Nissin,Chilli Noodles Spicy Tom Yum Flavour,Pack,Thailand,4,NA
2109,Oni Hot Pot,Tuna With Shallot Flavor Noodle,Pack,Taiwan,4.3,NA
2108,Weh Lih,GGE Noodle Snack Wheat Crackers Original Ramen,Pack,Taiwan,1,NA
2106,Itomen,Onion Flavor Shoyu Ramen,Pack,Japan,3.5,NA
2105,Maruchan,Ramen Noodle Soup Chicken Tortilla Flavor,Pack,USA,3,NA
2104,Wang,Rice Noodle Kimchi Flavor,Bowl,South Korea,4,NA
2103,Roland,Ramen Japanese Style Quick-Cooking Alimentary Paste With Beef Artificially Flavored Soup Base,Pack,USA,0,NA
2102,Nissin,Cup Noodles Singapore Laksa,Cup,Japan,5,NA
2101,Samyang Foods,Pojangmacha Udon,Pack,South Korea,4,NA
2099,Sanpo,Yakibuta Ramen,Bowl,Japan,4,NA
2098,Nongshim,Kimchi Flavor Noodle Soup,Cup,USA,5,NA
2096,Maruchan,Seimen Noukou Toro Tonkotsu,Bowl,Japan,4,NA
2094,Nongshim,Champong Noodle Soup Spicy Seafood Flavor,Pack,South Korea,5,NA
2093,Oni Hot Pot,Seaweed Flavour Noodle,Pack,Taiwan,2,NA
2072,Maruchan,Bowl Taste Of Asia Beef Flavor Sukiyaki Ramen,Bowl,USA,5,NA
2071,A-Sha Dry Noodle,Tainan Noodle Original Sauce,Pack,Taiwan,5,NA
2070,Tokushima Seifun,Negi Ramen,Bowl,Japan,1.75,NA
2067,Samyang Foods,Fresh Jjajang,Pack,South Korea,4.5,NA
2066,Marutai,Hakata Tonkotsu Ramen,Pack,Japan,5,NA
2064,Nongshim,Arrabiata Rice Bucatini,Pack,USA,5,NA
2060,Nissin,Cup Noodle Light+ Cheese Fondue,Cup,Japan,5,NA
2058,Zow Zow,Instant Noodle Shrimp Tom Yam Flavoured,Pack,Thailand,3.75,NA
2056,Koyo,Garlic Pepper Reduced Sodium Ramen,Pack,USA,0,NA
2055,Nissin,Tokyo Tokunou Gyokai Tonkotsu,Bowl,Japan,5,NA
2053,Maruchan,Instant Lunch Sriracha Chicken Flavor Ramen Noodle Soup,Cup,USA,3.75,NA
2051,Master Kong,Artificial Pork Ribs Flavour Instant Noodle,Pack,China,3.5,NA
2048,Acecook,Kadomen Koikoku Tonkotsu,Bowl,Japan,3.8,NA
2047,Oni Hot Pot,XO Sauce Noodle,Pack,Taiwan,5,NA
2041,Master Kong,Tomato Sauce Instant Noodle,Pack,China,4.5,NA
2039,Tokushima Seifun,Yakibuta Ramen,Bowl,Japan,5,NA
2037,Migawon,Hovenia Ramen Vegetable Flavor,Pack,South Korea,3.5,NA
2036,A-Sha Dry Noodle,Hakka BBQ Sauce Noodle,Pack,Taiwan,4.25,NA
2035,Acecook,Maru Uma Curry Udon,Cup,Japan,3.5,NA
2030,Myojo,Charumera Atyificial Tonkotsu Shouyu Flavor,Pack,Japan,3.75,NA
2027,Nissin,Shinshu Miso Ramen,Bowl,Japan,5,NA
2020,Kang Shi Fu,Artificial Roasted Beef,Pack,China,3.5,NA
2019,Acecook,Seabura Tonkotsu Ramen,Cup,Japan,3.75,NA
2018,Pulmuone,Noodle With Spicy Oyster Soup,Pack,South Korea,4,NA
2017,Samyang Foods,Honey & Cheese Big Bowl,Bowl,South Korea,0,NA
2014,Oni Hot Pot,Ghost Pepper Noodle,Pack,Taiwan,4.5,NA
2012,MAMA,Vegetarian Instant Noodles Shiitake Flavour,Pack,Thailand,2,NA
2008,Sichuan Baijia,Hot spicy Flavor Instant Vermicelli,Bowl,China,3.5,NA
2005,A-Sha Dry Noodle,Hakka Spicy Barbeque Sauce,Pack,Taiwan,4.5,NA
2004,Nissin,Donbei Dashi Shoyu Yakiudon,Bowl,Japan,3.75,NA
2003,Nissin,Raoh Rich Miso Flavor,Bowl,Japan,5,NA
2002,Nissin,Cup Noodles Tom Yum Goong,Cup,Japan,3.8,NA
2001,Nissin,Cup Noodle Big Seafood Clam Chowder,Cup,Japan,4,NA
2000,Nissin,Chikin Ramen Donburi,Bowl,Japan,5,NA
1999,Nissin,Curry Udon,Cup,Japan,5,NA
1998,Nissin,Men Shokunin Shoyu,Bowl,Japan,5,NA
1997,Nissin,Cup Noodle Vegeta Buta-kyabetsu Tonkotsu,Cup,Japan,4.3,NA
1996,Nissin,Cup Noodle Pasta Style Tarako Spaghetti,Cup,Japan,4,NA
1995,Nissin,Cup Noodle Big Cheese Mexican Chilli,Cup,Japan,5,NA
1994,Nissin,Gyoretsu-no-Dekiru-Mise-no-Ramen (Shrimp Tantanmen),Bowl,Japan,5,NA
1993,Nissin,Raoh Tonkotsu,Pack,Japan,5,NA
1992,Nissin,Cup Noodle Light Plus Ratatouille,Cup,Japan,4.5,NA
1991,Nissin,Cup Noodle Milk Chikin Ramen,Cup,Japan,5,NA
1990,Nissin,Cup Noodle,Cup,Japan,5,NA
1987,Nissin,Yokohama Walker Iekei Ramen,Bowl,Japan,4.5,NA
1986,A-Sha Dry Noodle,Quinoa Noodle With Oyster Sauce And Vegetables,Pack,Taiwan,4.25,NA
1983,Tokushima Seifun,Tokushima Ramen,Pack,Japan,4,NA
1982,Master Kong,Assorted Pork Bone Noodle,Pack,China,4,NA
1979,Nissin,BIG Cup Noodle Ajillo,Cup,Japan,3,NA
1976,Itsuki,Kumamoto Spicy Ramen,Pack,Japan,4.25,NA
1974,Samyang Foods,Cheese Curry Ramyun,Pack,South Korea,5,NA
1971,Fujiwara,Horse Crab Flavour Ramen,Pack,Japan,3.5,NA
1969,Nongshim,Noodle Soup Seasoned With Real Kimchi,Pack,USA,4.75,NA
1968,Nissin,Top Ramen Chicken Flavor Ramen Noodle Soup (New Packaging),Pack,USA,3.5,NA
1967,Tokushima Seifun,Kinchan Ramen,Pack,Japan,4.5,NA
1966,Wei Lih,GGE Noodle Snack Wheat Crackers Soy Sauce Ramen,Pack,Taiwan,3.75,NA
1959,Myojo,Charumera Shoyu Ramen,Pack,Japan,4,NA
1958,IbuRamen,Mi Goreng Bento Noodles In A Box Curry Masala Flavour,Tray,USA,4,NA
1957,MAMA,Cup Vegetarian Instant Noodles Tom Yum Flavour,Cup,Thailand,4,NA
1956,Maruchan,Spicy Tomato Salsa Ramen,Cup,Japan,0,NA
1955,Nissin,Raoh Ramen Noodle Soup Umami Soy Sauce Flavor,Pack,USA,4.75,NA
1952,Ve Wong,Kung-Fu Brand Instant Oriental Noodle Soup Artificial Beef Flavor,Pack,Taiwan,3.75,NA
1951,Nissin,Cup Noodles Ramen Noodle Soup Hearty Chicken Flavor [New Package],Cup,USA,4.25,NA
1950,Fujiwara,Red King Crab Flavour Ramen,Pack,Japan,4,NA
1949,Bamee,Oriental Style Instant Noodles Shrimp Flavour (Tom Yum),Pack,Thailand,3.5,NA
1948,Sichuan Baijia,Artificial Pickled Cabbage Fish Flavor Instant Vermicelli,Pack,China,1.5,NA
1946,Nissin,Raoh Shio Ramen,Pack,Japan,4.75,NA
1944,Wei Lih,GGE Noodle Snack Wheat Crackers Hot Spicy,Pack,Taiwan,5,NA
1943,New Touch,Sugomen Niigata Seabura Shoyu Ramen,Bowl,Japan,5,NA
1940,Nissin,Cup Noodle Pasta Style Bolognese,Cup,Japan,5,NA
1938,Nissin,Donbei Kamodashi Soba,Bowl,Japan,5,NA
1936,Fortune,Rice Noodle Coconut Curry,Pack,USA,1,NA
1935,Love Cook,Guanmiao Dried Noodles With Oleum Sesami,Pack,Taiwan,3.75,NA
1934,Love Cook,Guanmiao Dried Noodles With Spicy Sauce,Pack,Taiwan,5,NA
1933,Love Cook,Guanmiao Dried Noodles With Authentic Sauce,Pack,Taiwan,4.5,NA
1932,Love Cook,Guanmiao Dried Noodles With Shallot Flavor,Pack,Taiwan,3.75,NA
1928,Bamee,Instant Noodles Oriental Style Chicken Flavour,Pack,Thailand,3,NA
1927,Marutai,Kogashi Megiiri Tonkotsu Kagoshima Ramen,Bowl,Japan,3.5,NA
1926,Nissin,Bowl Noodles Hot & Spicy Chicken Flavor Less Sodium Ramen Noodle Soup,Bowl,USA,4,NA
1924,Sichuan Baijia,Broad Noodle Artificial Beef Flavor,Pack,China,3.5,NA
1921,Nissin,Cup Noodles Ramen Noodle Soup Chicken Flavor [New Package],Cup,USA,3.5,NA
1920,Itsuki,Ramen Tonkotudou Kumamoto Noodles,Pack,Japan,0.75,NA
1919,Maruchan,Shiroi Chikara Mochi Udon,Bowl,Japan,4.5,NA
1917,IbuRamen,Mi Goreng Bento Noodles In A Box Hot Sweet & Sour Flavor,Tray,USA,0.25,NA
1915,Itsuki,Yuzu Sesame Sauce Udon,Bowl,Japan,4.5,NA
1913,Thai Smile,Mushroom Rice Noodle Soup Bowl,Bowl,USA,0,NA
1911,Nissin,Emergency Chikin Ramen Cup Noodle,Cup,Japan,5,NA
1910,Nissin,Chow Mein Pad Thai,Tray,USA,3,NA
1908,Nissin,Kuroma-yu Tonkotsu Kumamoto Ramen,Bowl,Japan,4.75,NA
1903,Higashimaru,Tonkotsu Ramen,Pack,Japan,4.5,NA
1898,Master Kong,Spicy Fish Noodle,Bowl,China,3,NA
1897,Nissin,Cup Noodle Massaman Curry,Cup,Japan,3.5,NA
1895,Maruchan,Seimen Houjyun Koku Shoyu,Bowl,Japan,5,NA
1893,Nissin,Cup Noodle Sio,Cup,Japan,5,NA
1892,Ottogi,Cheese Ramen,Pack,South Korea,4,NA
1891,Nissin,Cup Noodles Homestyle Chicken,Cup,USA,3.5,NA
1890,Kuriki,Beef Tongue Shio Mayo Ramen,Pack,Japan,4.5,NA
1875,Sapporo Ichiban,Tonkotsu Ramen Artificially Flavored Tonkotsu White Chicken Broth,Pack,USA,5,NA
1873,Vedan,Wei Wei A Instant Noodles Chicken Flavor,Bowl,Taiwan,0,NA
1872,Itsuki,Hakata Ossyoi,Pack,Japan,5,NA
1871,Nissin,Cup Noodles Minced Pork Flavour,Cup,Thailand,3.75,NA
1868,Marutai,Kuroma-yu Tonkotsu Kumamoto Ramen,Bowl,Japan,4,NA
1867,Yum Yum,Premier Bowl Instant Noodles Stewed Pork Flavour,Bowl,Thailand,4,NA
1864,Nissin,Raoh Ramen Noodle Soup Umami Tonkotsu Flavor,Pack,USA,5,NA
1863,Baijia,Broad Noodle Pickled Vegetable Artificial Beef Flavor,Pack,China,0,NA
1860,Nissin,Cupo Noodle Pasta Style Vongole,Cup,Japan,2.75,NA
1858,Myojo,Wantan Men,Bowl,Japan,5,NA
1857,IbuRamen,Mi Goreng Bento Noodles In A Box Shallot Teriyaki Flavor,Tray,USA,3.25,NA
1855,Daraz,Negi Man Ramen,Pack,Japan,3,NA
1852,Myojo,Udon Japanese Style Precooked Noodles With Soup Hot & Spicy Flavor,Bowl,USA,3.25,NA
1851,Fujiwara,Snow Crab Flavour Shio Ramen,Pack,Japan,3.5,NA
1850,Nissin,Raoh Ramen Noodle Soup Umami Miso Flavor,Pack,USA,4.5,NA
1846,Nissin,Chow Mein Savory Sauce And Restayrant Quality Noodles Roast Chicken Flavor,Tray,USA,4.5,NA
1844,Seven & I,Gold Sumire Ramen,Bowl,Japan,5,NA
1843,Forest Noodles,Sunbaked Noodles With Sesame Sauce,Pack,Taiwan,4.5,NA
1842,Forest Noodles,Purple Sweet Potato Noodles With Taiwanese Sauce,Pack,Taiwan,5,NA
1841,Forest Noodles,Sunbaked Noodles With Spicy Sauce,Pack,Taiwan,4,NA
1840,Forest Noodles,Sweet Potato Noodles With Sesame Paste Sauce,Pack,Taiwan,3.25,NA
1832,Yum Yum,Instant Flat Shaped Noodles Boat Noodles Nam Tok Flavour,Pack,Thailand,3.5,NA
1831,Kuriki,Plum Mayo Ramen,Pack,Japan,4,NA
1830,Tseng Noodles,Sichuan Pepper Flavor,Pack,Taiwan,4.75,NA
1829,Tseng Noodles,Hu Sesame Flavor,Pack,Taiwan,5,NA
1828,Tseng Noodles,Scallion With Sichuan Pepper  Flavor,Pack,Taiwan,5,2016 #9
1827,Nongshim,Zha Wang ((Jjawang) Noodles With Chajang Sauce,Pack,South Korea,5,NA
1825,Sichuan Baijia,Broad Noodle Chilli Oil Flavor,Pack,China,4.5,NA
1824,Nongshim,Soon Veggie Noodle Soup,Cup,USA,5,NA
1821,Myojo,Udon Japanese Style Pre-Cooked Noodles With Soup Beef Flavor,Bowl,USA,3.25,NA
1820,Ten-In,Veggie King Buddha Jump Instant Noodles,Bowl,Taiwan,1.5,NA
1819,Yum Yum,Premier Bowl Instant Noodles Suki Flavour,Bowl,Thailand,5,NA
1818,Sugakiya Foods,Nara Tenri Shoyu Ramen,Bowl,Japan,4.5,NA
1815,Nakaya Shouten,Hingya no Shio Ramen,Pack,Japan,4,NA
1812,Master Kong,Mushroom Instant Noodle,Bowl,China,4.25,NA
1809,Marutai,Nagahama Hakata Tonkotsu Ramen,Bowl,Japan,4.75,NA
1808,Mama,Vegetarian Instant Cup Noodle Tofu & Shiitake Flavour,Cup,Thailand,3.5,NA
1807,Wai Wai,Tom Yum Goong Flavour Instant Noodle,Cup,Thailand,3.5,NA
1803,Mama,Vegetarian Instant Noodles Tom Yum Flavour,Pack,Thailand,4,NA
1802,Nissin,Cup Noodles Ramen Noodles Ramen Noodle Soup Beef Flavor (New Package),Cup,USA,3.5,NA
1801,Baijia,Spicy Artificial Fei Chang Instant Vermicelli (New Recipe),Pack,China,3.75,NA
1800,Crystal Noodle,Soup All Natural Hot & Sour,Cup,USA,0.25,NA
1799,Thai Smile,Spring Onion Rice Noodle Soup Bowl,Bowl,USA,2.5,NA
1797,Wai Wai,Instant Rice Vermicelli Crab Flavour,Pack,Thailand,3.5,NA
1796,Fujiwara,Salty Taste Chanko Noodle,Pack,Japan,4.75,NA
1786,Nissin,Chow Mein Premium Savory Sauce And Restaurant Quality Noodles Sriracha Flavor,Tray,USA,4.25,NA
1784,Torishi,Hakata Tonkotsu Ramen,Pack,Japan,5,NA
1780,Pulmuone,Non-Fried Noodle Blackbean Sauce Noodle With Squid,Pack,South Korea,4.5,NA
1779,Chering Chang,Instant Non-Fried Noodles Tomato Flavour,Pack,Taiwan,3.25,NA
1778,JML,Spicy King Spicy Chicken,Pack,China,5,NA
1777,JML,Supereme Bowl Noodles With Stewed Egg Spicy Flavour,Bowl,China,3.5,NA
1776,JML,Spicy King Bowl Noodle Spicy Chicken,Bowl,China,5,NA
1775,JML,Spicy King Bowl Noodle Spicy Beef,Bowl,China,4.25,NA
1774,JML,Spicy King Spicy Pork,Pack,China,5,NA
1773,JML,Supreme Bowl Noodles With Stewed Egg Sour Beans With Pork Flavour,Bowl,China,4,NA
1772,JML,Spicy King Spicy Beef,Pack,China,5,NA
1771,JML,Supreme Bowl Noodles With Stewed Egg Braised Beef Flavour,Bowl,China,3.5,NA
1770,JML,Spicy King Bowl Noodle Spicy Pork,Bowl,China,4.5,NA
1768,New Touch,Negi Miso No Ippin Ramen,Bowl,Japan,5,NA
1766,Paldo,Bulnak Boeummyun King Noodle,Bowl,South Korea,3.5,NA
1765,Nissin,Cup Noodles Ramen Noodles With Shrimp (New Package),Cup,USA,3.5,NA
1763,Ishimaru,Tuna Flavor Ramen,Pack,Japan,4.5,NA
1762,Mom's Dry Noodle,Sesame & Pepper,Pack,Taiwan,4,NA
1761,Authentically Asian,Natural Quality Foods Pad Thai Noodle Bowl,Bowl,USA,1,NA
1760,New Touch,Homestyle Tonjiru,Bowl,Japan,4.5,NA
1759,Nissin,Cup Noodles Moo Manao Flavour,Cup,Thailand,4,NA
1756,A-Sha Dry Noodle,Veggie Noodle Carrot Noodle With Original Sauce,Pack,Taiwan,4.25,NA
1754,Paldo,King Bowl Super Spicy Pan Stirfried Noodle,Bowl,South Korea,5,NA
1753,Thai Smile,Garlic Rice Noodle Soup Bowl,Bowl,USA,3.5,NA
1752,Kuriki,Mayo Ramen,Pack,Japan,4.75,NA
1751,Mom's Dry Noodle,Spicy & Sour Flavor,Pack,Taiwan,5,NA
1749,Yum Yum,Jumbo Instant Noodles Tom Yum Kung Creamy Flavour,Pack,Thailand,5,NA
1746,Marutai,Ramen Shoyu Taste,Bowl,Japan,4.25,NA
1744,A-Sha Dry Noodle,Veggie Noodle Baby Grass Noodle With Toona Sauce,Pack,Taiwan,5,NA
1741,Myojo,Udon Japanese Style Pre-Cooked Noodles With Soup Chicken Flavor,Bowl,USA,2.5,NA
1740,Master Kong,Braised Beef Noodle,Pack,China,4.25,NA
1739,Nissin,Raoh Tanrei Koku Shio Ramen,Bowl,Japan,4.5,NA
1738,Little Cook,Instant Noodles Shrimp Tom Yum Flavour,Cup,Thailand,4.25,NA
1735,Master Kong,Tomato Sauce Instant Noodle,Bowl,China,4,NA
1730,Wu-Mu,BBQ Pork Flavor Chow Mein,Pack,Taiwan,4.5,NA
1729,Vedan,Zan Vegetarian Instant Noodle Series Shiitake Mushroom Flavour,Cup,Taiwan,2.75,NA
1728,Yamadai,Tenobe Somen,Bowl,Japan,3.25,NA
1727,Wei Lih,Jah Jan Men,Bowl,Taiwan,5,NA
1725,A-Sha Dry Noodle,Veggie Noodle Black Sesame Noodle,Pack,Taiwan,3.25,NA
1723,Baixiang Noodles,Artificial Beef Instant Noodles With Soup Base,Pack,China,3.75,NA
1719,Wai Wai,Grilled Pork Flavour Instant Noodles,Bowl,Thailand,2.5,NA
1715,Yum Yum,Instant Noodles Minced Pork Flavor,Pack,Thailand,3.75,NA
1714,Master Kong,Sichuan Hot Spicy Fish,Pack,China,3.75,NA
1712,Sakurai Foods,Organic Miso Ramen,Pack,Japan,4.5,NA
1710,Chering Chang,Instant Non-Fried Noodles Vegetable Curry Flavor,Pack,Taiwan,5,NA
1704,Baixiang Noodles,Sour & Spicy Flavour,Pack,China,3.75,NA
1703,7 Select/Nissin,Super Tom Yum Shrimp,Cup,Thailand,3.5,NA
1702,Samyang Foods,Seafood Noodle,Cup,Japan,2.75,NA
1701,Sakurai Foods,Organic Shoyu Ramen,Pack,Japan,4.25,NA
1700,A-Sha Dry Noodle,Hakka Flat Noodle With Za Jiang Sauce,Pack,Taiwan,4,NA
1698,Maruchan,Instant Lunch Chicken Tortilla Flavor Ramen Noodles With Vegetables,Cup,USA,4,NA
1696,Mama,Cup Yentafo Tom Yum Mohfai,Cup,Thailand,5,NA
1695,Mama,Cup Shrimp Creamy Tom Yum,Cup,Thailand,5,NA
1694,Mama,Instant Rice Vermicelli Bihun Goreng Original Flavour,Pack,Thailand,4.75,NA
1691,Mama,Instant Cup Noodles Minced Prok Flavor,Cup,Thailand,3.5,NA
1690,Wugudaochang,Sour Bamboo Shoot & Beef If Hot Pot Flavor Noodles,Bowl,China,4,NA
1689,Wugudaochang,Tomato Beef Brisket Flavor Purple Potato Noodle,Pack,China,5,2016 #7
1688,Wugudaochang,Sea Tangle & Sparerins Flavor Noodles,Bowl,China,3.75,NA
1687,Wugudaochang,Chef's Grains Millet Noodle,Pack,China,3.75,NA
1686,Wugudaochang,Chef's Grains Buckwheat Noodle,Pack,China,3.5,NA
1685,Wugudaochang,Chef's Grains Pea Noodle,Pack,China,4,NA
1684,Wugudaochang,Sichuan Pepper & Chicken Flavor Noodle,Bowl,China,4.5,NA
1683,Wugudaochang,Sour Soup & Minced Meat Flavor Chef's Grain Naked Oat Noodles,Pack,China,5,NA
1682,Wugudaochang,Sour Bamboo Shoot & Beef If Hot Pot Flavor Noodles,Pack,China,4,NA
1681,Wugudaochang,Sea Tangle & Sparerins Flavor Noodles,Bowl,China,3.75,NA
1679,Ten-In,Veggie World Vegetarian Braised Beef Instant Noodles,Bowl,Taiwan,3.5,NA
1678,Nongshim,Shin Black Spicy Po-Au-Feu Flavor (Mew Edition),Pack,USA,5,NA
1677,Paldo,Raobokki Noodle (Export Version),Pack,South Korea,5,NA
1675,Baixiang Noodles,Sauerkraut Flavor,Pack,China,4.5,NA
1674,Emart,Dare You! Habanero Ramen (New Edition),Cup,South Korea,3.5,NA
1673,Lishan Food Manufacturing,Black Cock Brand Vegetarian Chicken Noodle,Pack,Taiwan,3.5,NA
1668,Mama,Cup Rice Vermicelli With Clear Soup,Cup,Thailand,3.5,NA
1667,Deshome,Aloe Thin Noodles With Camelia Oil Vegetable Sauce Flavor,Pack,Taiwan,5,NA
1662,Mama,Non-Fried Instant Noodles Ramen Tonkotsu Flavor,Pack,Thailand,5,NA
1661,Chencun,Senior Food Rice Noodle Fragrant Peppery Beef,Cup,China,3.75,NA
1658,ChoripDong,Hurricane Rice Cake (Topokki),Bowl,South Korea,5,NA
1656,Mama,JokCup Instant Porridge Soup Seafood Flavour,Cup,Thailand,3.5,NA
1655,Baijia,Artificial Pickled Vegetable Beef Flavor,Pack,China,3,NA
1650,Ottogi,Sesame Flavor Ramen Korean Style Instant Noodle,Pack,South Korea,4.25,NA
1649,Master Kong,Seafood Flavour Instant Cooking Noodles,Pack,China,4.25,NA
1648,Wei Lih,Instant Noodles With Onion Flavour,Pack,Taiwan,4.25,NA
1643,Emart,Dare You! Habanero Jjajang Ramen,Cup,South Korea,3.5,NA
1641,One Dish Asia,Japanese Ramen Noodle,Bowl,USA,0,NA
1640,Long Jun Hang,Taiwan Dried Noodles With Onion Oil Sauce,Pack,Taiwan,2,NA
1638,A-Sha Dry Noodle,Veggie Noodle Tomato Noodle With Vine Ripened Tomato Sauce,Pack,Taiwan,5,2015 #10
1635,Wai Wai,Quick Zabb Tom Klong Flavour Instant Noodles,Pack,Thailand,2.75,NA
1634,Samyang Foods,Shoyu Noodle,Cup,South Korea,3.5,NA
1631,Nissin,Donbei Tempura Soba Mini,Bowl,Japan,4,NA
1630,Nongshim,Korean Clay Pot Ramyun,Bowl,China,2.5,NA
1627,Vedan,Wei Wei A Instant Noodles Hot Beef Flavour,Bowl,Taiwan,2.5,NA
1626,Nissin,Gonbuto Kistune Udon,Bowl,Japan,2.75,NA
1625,Mama,Instant Rice Noodle Soup Spicy Shrimp Flavour,Bowl,Thailand,5,NA
1624,Baixiang Noodles,Artificial Pork Flavour,Pack,China,3,NA
1622,Nongshim,Quick2 Hot & Spicy Noodle Soup With Habanero & Lime,Pack,USA,4,NA
1621,Myojo,MenWhite Creamy Tonkotsu,Bowl,Japan,3,NA
1618,Deshome,Aloe This Noodles With Camellia Oil Spicy Bean Sauce Flavor,Pack,Taiwan,2.5,NA
1616,Unif-100,Instant Noodles Artificial Spicy Beef Flavor (New Package),Pack,China,3.5,NA
1615,Hankow,Shanghai Kaiyang Noodle,Pack,China,4,NA
1613,Maruchan,Kaoru Maitake Tempura Udon,Bowl,Japan,3.25,NA
1609,Mitoku,Brown Rice Ramen,Pack,Japan,0.25,NA
1607,Myojo,Nyumen Desse Shoyu,Bowl,Japan,2.75,NA
1604,Unzen,Mushroom Honpo Shiitake Nutritious Noodle,Pack,Japan,1,NA
1601,Nongshim,Jinjja Jinjja (New),Pack,South Korea,5,NA
1600,Chering Chang,Instant Non-Fried Noodles Shallot Pork Flavour,Pack,Taiwan,5,NA
1598,Mama,Cup Rice Vermicelli Shrimp Creamy Tom Yum,Cup,Thailand,4,NA
1597,Nissin,Original Chow Mein Premium Spicy Chicken Flavor,Tray,USA,4,NA
1595,JML,Emporer Instant Noodles Spicy Chicken,Pack,China,5,NA
1594,Acecook,Jan Jan Dashi Shoyu Yakisoba,Cup,Japan,2.25,NA
1593,Nongshim,Tteokgukmyun,Pack,South Korea,4.25,NA
1592,Mom's Dry Noodle,Vegan Chilli With Sesame Sauce,Pack,Taiwan,5,NA
1580,Emart,Dare You! Habanero Ramen (New Edition),Pack,South Korea,3.75,NA
1578,Nissin,Gonbuto Tempura Udon,Bowl,Japan,4,NA
1577,Mama,Pork Flavour Whole Wheat Noodle,Pack,Thailand,3.75,NA
1575,Paldo,Jjajangmen Chajang Noodle King Bowl,Bowl,South Korea,5,NA
1574,Chering Chang,Steam Vegetarian Flavor Noodles,Pack,Taiwan,3.5,NA
1572,Master Kong,Artificial Seafood Flavor Instant Noodle,Pack,China,3.75,NA
1570,Maruchan,"Big Cup Ramen Corn, Salt & Butter Flavor",Bowl,Japan,5,NA
1568,Mama,Instant Noodles Cup Beef Flavour,Cup,Thailand,3.5,NA
1567,Nissin,Emergency Cup Noodle,Cup,Japan,4.25,NA
1565,Oyatsu,Baby Star Snack Noodle Chicken Flavour,Pack,Japan,2.5,NA
1563,Nongshim,Shin Ramyun Noodle Soup (New Edition),Pack,USA,4.25,NA
1560,Kin-Dee,Instant Rice Noodle Spicy Seafood,Tray,Thailand,3.75,NA
1559,Master Kong,Spicy Beef Flavor Instant Noodle,Pack,China,4,NA
1552,Bamee,Oriental Style Instant Noodles Pa-Lo Duck Flavour,Pack,Thailand,3.5,NA
1551,Myojo,Men Black Seafood Tonkotsu,Bowl,Japan,3.5,NA
1548,Samyang Foods,Curry Noodle,Cup,Japan,3.75,NA
1547,Vedan,Volcano Spicy Pork Noodle,Bowl,Taiwan,4.25,NA
1544,Thai Pavilion,Pad Thai Instant rice Noodles & Sauce,Tray,USA,1.5,NA
1541,Wu-Mu,Steam Pork Flavour,Pack,Taiwan,3.75,NA
1540,Unif-100,Instant Noodles Artificial Shallot Beef Flavour,Pack,China,4.25,NA
1539,New Touch,Kimchi Noodle,Bowl,Japan,3.5,NA
1537,Wai Wai,Quick Zabb Chili Paste Tom Yum Flavour Instant Noodles,Pack,Thailand,3.75,NA
1523,Paldo,Jjamppong Seafood Noodle King Bowl,Bowl,South Korea,5,NA
1521,Maruchan,Gotsumori Sauce Yakisoba,Tray,Japan,5,2015 #9
1520,Yum Yum,Oriental Style Instant Noodles Wasabi Flavour,Pack,Thailand,3,NA
1516,Men-Sunaoshi,Miso Ramen,Pack,Japan,3.75,NA
1515,Nongshim,Neoguri Udon Seafood & Mild,Pack,South Korea,4,NA
1513,Mama,Instant Noodles Tom Yum Pork Flavour,Pack,Thailand,4,NA
1511,Long Jun Hang,Tainan Yi Mien With Sesame Oil Sauce,Pack,Taiwan,3.25,NA
1509,Nissin,Donbei Kitsune Udon Mini,Bowl,Japan,3.5,NA
1504,Master Kong,Stewed Beef Flavor Cooking Noodle,Pack,China,4.25,NA
1503,Nongshim,Bowl Noodle Soup Shrimp Habanero Lime Flavor,Bowl,USA,3.25,NA
1502,JML,Artificial Pork Flavor Noodles,Pack,China,4,NA
1501,Acecook,Ohmori Chukafu Yakisoba,Tray,Japan,3.25,NA
1498,Samyang Foods,Sogokimyun Hot Flavor Noodle Soup,Pack,South Korea,3.5,NA
1497,Nissin,Easy Fideos Picante Lime Shrimp Flavor Ramen Noodle Soup,Cup,USA,3.5,NA
1496,Master Kong,Mianba Pork Ribs Flavor Instant Noodles,Pack,China,4.5,NA
1493,Maruchan,Magomi-an Kitsune Udon (Eastern Japan Flavor),Bowl,Japan,4.25,NA
1492,Wai Wai,Quick Zabb Tom Yum Shrimp Flavour Instant Noodles,Pack,Thailand,4,NA
1491,Ottogi,Potato Ramen,Pack,South Korea,3.75,NA
1488,Mom's Dry Noodle,Sichuan Spicy Flavor,Pack,Taiwan,5,NA
1486,Mom's Dry Noodle,Onion Oil & Shrimp Flavor,Pack,Taiwan,5,NA
1485,Nongshim,Spicy Tonkotsu Noodle Soup,Pack,USA,5,NA
1482,Maruchan,I Want To Eat Ramen' Shoyu Flavor,Pack,Japan,4,NA
1481,Master Kong,Mushroom Stew Chicken Ramen,Pack,China,3.5,NA
1480,Paldo,Jjol Bibim Men,Pack,South Korea,4,NA
1479,Nissin,Cup Noodles Easy Fideos Tomato Chicken Flavor Ramen Noodle Soup,Cup,USA,3.5,NA
1478,Ruski,Tom Yam Flavour Instant Noodles,Pack,Thailand,4,NA
1477,Mama,Instant Noodles Moo Nam Tok Flavour,Pack,Thailand,4,NA
1475,Bamee,Cup Oriental Style Instant Noodles Chicken Flavour,Cup,Thailand,3.25,NA
1474,Mama,Instant Noodle Shrimp Tom Yum Flavour Jumbo Pack,Pack,Thailand,4,NA
1473,Mama,Instant Cup Noodles Shrimp Tom Yum Flavour (Extreme),Cup,Thailand,5,NA
1472,Ruski,Chicken Masala Flavour Instant Fried Noodles,Pack,Thailand,3.75,NA
1471,Mama,Instant Noodles Shrimp Creamy Tom Yum Flavour Jumbo Pack,Pack,Thailand,5,2013 #10
1470,Mama,Instant Cup Noodles Spicy Cheese Flavour,Cup,Thailand,3.5,NA
1468,Mama,Instant Cup Noodles Seafood Pad Kee Mao Flavour,Cup,Thailand,5,NA
1467,Ruski,Creamy Tom Yam Instant Noodles,Pack,Thailand,4.5,NA
1466,Mama,Oriental Style Instant Noodles Green Curry Flavour Jumbo Pack,Pack,Thailand,5,2015 #8
1463,Maruchan,Instant Lunch California Vegetable Ramen Noodles With Vegetables,Cup,USA,3.5,NA
1462,Wei Lih,Steam Instant Noodles Korean Salt & Rib Soup Flavour,Bowl,Taiwan,2.25,NA
1446,Myojo,Ippei-Chan Jumbo Night Market Style Yakisoba,Tray,Japan,4.5,NA
1444,Maruchan,Instant Lunch Jalapeno Cheddar Flavor Ramen Noodles,Cup,USA,3.5,NA
1443,Nongshim,Harmony Korean Spicy Noodle Dish With Chipotle,Pack,USA,4.25,NA
1441,Nissin,Souper Meal Chili Picante Chicken With Lime Flavor Ramen Noodle Soup,Bowl,USA,3.5,NA
1440,Wu-Mu,Dried Noodle With Beef Flavor Sauce,Pack,Taiwan,3,NA
1438,Maruchan,Old Style Miso Ramen,Pack,Japan,3.5,NA
1436,Chencun,Rice Noodle Beef With Brown Sauce,Cup,China,3.5,NA
1430,Samyang Foods,Buldak Bokkummyeon,Bowl,South Korea,4,NA
1428,Myojo,Chukazanmai Beijing Style Salt Ramen,Pack,Japan,3,NA
1427,Osaka Ramen,Miso Ramen,Bowl,USA,3.75,NA
1426,Ottogi,Cheese Bokki,Bowl,South Korea,4,NA
1422,Nissin,Pan Asian Kitchen Spicy Szechuan Chicken Flavor Ramen Noodles,Tray,USA,3,NA
1421,Nongshim,Korean Clay Pot Ramyun Noodle,Cup,China,2.75,NA
1420,Maruchan,I Want To Eat Ramen Shio,Pack,Japan,3.75,NA
1418,Ottogi,Ppushu Ppushu Grilled Chicken Flavor,Pack,South Korea,1,NA
1417,Sau Tao,Oat Noodle Abalone Flavored,Pack,Taiwan,1.75,NA
1416,Myojo,Chukazanmai Szechuan Style Miso,Pack,Japan,2,NA
1414,Paldo,Cheese Ramyun (for US market),Pack,South Korea,5,NA
1413,Chering Chang,Curry La-Men,Pack,Taiwan,5,NA
1411,A-Sha Dry Noodle,Prince Katsu Snack Noodles,Pack,Taiwan,4,NA
1409,Baixiang Noodles,Spicy Artificial Beef Flavour Instant Noodles With Soup Base,Pack,China,3.5,NA
1407,Annie Chun's,Ramen House Thai Coconut Ramen,Pack,USA,5,NA
1404,Thai Choice,Instant Noodles Seafood Flavour,Cup,Thailand,4,NA
1401,Myojo,Yomise No Yakisoba Shiodare Flavor With Black Pepper Mayonnaise,Tray,Japan,3.75,NA
1400,Pulmuone,Nature Is Delicious Non-Fried Ramyun (Spicy Flavor) (New Version),Pack,South Korea,3.75,NA
1397,Wu-Mu,Steam Seafood Flavor Ramen,Pack,Taiwan,4,NA
1396,Oyatsu,Baby Star Snack Noodle Yakisoba Flavor,Pack,Japan,4.75,NA
1395,Snapdragon,Singapore Laksa Curry Soup Bowl,Bowl,USA,4.25,NA
1394,Paldo,Mild Kokomen (Prototype),Pack,South Korea,4.5,NA
1392,Miracle Noodle,Miso Marvellous Soup,Pack,USA,4,NA
1388,Paldo,Barbecue Ramyun (Prototype),Pack,South Korea,3.75,NA
1387,Takamori Kosan,Red Pepper 7 Garlic Peperoncino,Pack,Japan,4,NA
1386,Takamori Kosan,Sukiyaki Style Noodle Stew,Pack,Japan,4.5,NA
1385,Takamori Kosan,Yaki-Udon Roast Soy Sauce,Pack,Japan,3.75,NA
1384,Takamori Kosan,Hiyashi Udon Bonito Sauce,Pack,Japan,3,NA
1383,Takamori Kosan,Futomen Yakisoba,Pack,Japan,4.75,NA
1382,Takamori Kosan,Hiyashi Chuka Lemon Sauce,Pack,Japan,4.75,NA
1381,Takamori Kosan,Curry Udon,Pack,Japan,5,NA
1380,Takamori Kosan,Chanpon,Pack,Japan,3.75,NA
1379,Takamori Kosan,Shio Yakisoba,Pack,Japan,4,NA
1378,Takamori Kosan,Yakisoba,Pack,Japan,5,NA
1377,Takamori Kosan,Yaki-Udon Mild Spicy Sauce,Pack,Japan,4.25,NA
1376,Takamori Kosan,Katsuo Dashi Udon,Pack,Japan,3.75,NA
1375,Takamori Kosan,Spaghetti Napolitan,Pack,Japan,4,NA
1374,Tokyo Noodle,Spicy Garlic Ramen,Pack,Japan,3.25,NA
1372,Samyang Foods,Nagasaki Jjamppong,Cup,South Korea,3.75,NA
1370,Papa,Oriental Style Instant 'Kua-Chap',Pack,Thailand,3.25,NA
1369,A-Sha Dry Noodle,Hello Kitty Za Jiang (Soybean Sauce),Pack,Taiwan,3.25,NA
1366,Nongshim,Sir Long Tang Creamy Beef Noodle Soup,Cup,USA,4.25,NA
1364,Golden Wheat,Korean Style Stew Pork Flavour Noodle Soup,Bowl,China,1.75,NA
1347,Paldo,Bulnak Bokkummyun Spicy Fried Octopus Ramyun,Pack,South Korea,4,NA
1346,Oyatsu,Baby Star Ramen Round Consomme Mini,Pack,Japan,3.75,NA
1345,Lotus Foods,Forbidden Rice Ramen,Pack,USA,2.25,NA
1344,Lotus Foods,Millet & Brown Rice Ramen,Pack,USA,4,NA
1343,Lotus Foods,Jade Pearl Rice Ramen,Pack,USA,3.25,NA
1339,Kin-Dee,Instant Rice Noodle Pad Thai,Tray,Thailand,3.75,NA
1337,Sakura Noodle,Chikara Brand Udon Beef Flavor,Pack,USA,4.25,NA
1336,Shirakiku,Fresh Chow Mein Noodles With Seasoning,Pack,USA,3.75,NA
1335,Sakura Noodle,Chikara Brand Udon Hot & Spicy Flavor,Pack,USA,4,NA
1334,Sakura Noodle,Chikara Brand Udon Mushroom Flavor,Pack,USA,3.75,NA
1333,Sakura Noodle,Chikara Brand Udon Oriental Flavor,Pack,USA,3.75,NA
1332,Sakura Noodle,Chikara Brand Udon Chicken Flavor,Pack,USA,3.75,NA
1330,Sapporo Ichiban,Otafuku Okonomi Sauce Yakisoba,Tray,Japan,5,2014 #4
1328,A-Sha Dry Noodle,Hello Kitty La Wei (Spicy Flavor),Pack,Taiwan,3.75,NA
1327,Unif,Unif-100 Instant Noodles Artificial Tart Beef Flavor,Pack,China,3,NA
1324,Ruski,Instant Noodles Stewed Beef Flavour,Pack,Thailand,3.5,NA
1323,Golden Wheat,Korean Style Mushroom Chicken Flavour Cooking Noodle,Pack,China,2,NA
1322,Hi-Myon,Instant Noodle Udon Hot & Spicy,Pack,South Korea,4,NA
1321,Takamori Kosan,Fresh Chow Mein Noodles With Seasoning,Pack,Japan,3.75,NA
1320,Mama,Instant Noodles Cup Seafood Flavour,Cup,Thailand,3.75,NA
1318,Nissin,Spa Oh Tarako Spaghetti,Bowl,Japan,4,NA
1317,Ve Wong,Little Prince Brand Snack Noodles Original Flavor,Pack,Taiwan,2.5,NA
1316,Ottogi,Japchae Vermicelli Noodle,Pack,South Korea,2.75,NA
1314,Paldo,Korean Traditional Beef Gomtangmen,Pack,South Korea,5,NA
1312,Maruchan,I Want To Eat Ramen Miso Flavor,Pack,Japan,3.75,NA
1310,Thai Kitchen,Rice Noodle Cart Thai Peanut,Tray,USA,3,NA
1309,Yum Yum,Oriental Style Instant Noodles Seafood Flavour,Cup,Thailand,3.75,NA
1308,Nongshim,Soon Veggie Noodle Soup,Pack,South Korea,5,2014 #9
1307,Nissin,Cup Noodle Cheese Curry,Cup,Japan,3.75,NA
1305,A-Sha Dry Noodle,Instant Noodle Original Flavor,Pack,Taiwan,3.75,NA
1302,Mama,Instant Noodles Yentafo Tom Yum Mohfai Flavour,Pack,Thailand,5,2014 #10
1300,Samyang Foods,Red Nagasaki Jjampong,Pack,South Korea,5,NA
1298,Good Tto Leu Foods,Lightning Beef Bone Tteokguk Rice Cake Soup,Bowl,South Korea,4,NA
1296,Wu-Mu,Ramen With Pickled Mustard Flavor,Pack,Taiwan,3.5,NA
1295,Wu-Mu,Steam Mushroom Flavor Ramen,Pack,Taiwan,3.25,NA
1294,Thai Choice,Instant Noodles Chicken Flavour,Cup,Thailand,3,NA
1290,Nongshim,Sain Sain Garlic Teriyaki Fresh Cooked Udon Pasta,Tray,South Korea,4.5,NA
1289,JML,Braised Beef Noodles,Pack,China,4,NA
1287,Kimura,Kumamoto Tonkotsu Ramen,Pack,Japan,5,NA
1284,Thai Kitchen,Rice Noodle Cart Sweet Citrus Ginger,Tray,USA,4.25,NA
1283,Nongshim,Oolongmen Kimchi Cup Noodle Soup Mix,Cup,South Korea,4,NA
1281,Tokachimen Koubou,Jet Black Sesame Oil Pork Tonkotsu,Bowl,Japan,2.25,NA
1280,Deshome,Sun Dried Noodle Chlorella Powder Noodle With Curry Sauce,Pack,Taiwan,5,NA
1278,Ottogi,Ppushu Ppushu Noodle Snack Bulgogi Flavor,Pack,South Korea,3.25,NA
1275,Wu-Mu,Ramen With Stewed Pork Flavor,Pack,Taiwan,4.5,NA
1274,Wu-Mu,Shiitake Flavor Spinach Ramen,Pack,Taiwan,3.75,NA
1272,Samyang Foods,Baked Noodle Spicy Grilled Beef Ramyun,Pack,South Korea,3.5,NA
1268,Wu-Mu,Dried Noodle With Jah Jan Sauce,Pack,Taiwan,3.25,NA
1263,Nissin,Cup Noodle Curry X Gunpla RX-78-2 Gundam,Cup,Japan,4.25,NA
1255,Thai Choice,Instant Noodles Shrimp Flavour,Cup,Thailand,3.25,NA
1253,Nissin,Chow Mein Teriyaki Chicken Flavor Chow Mein Noodles,Tray,USA,3.75,NA
1251,Mama,Instant Noodles Tom Saab Flavour,Pack,Thailand,3.5,NA
1250,Samyang Foods,三養라면 (Samyang Ramyun) (South Korean Version),Bowl,South Korea,3.75,NA
1248,Wu-Mu,Beef Flavour Tomato Ramen,Pack,Taiwan,4,NA
1247,Maruchan,I Want To Eat Ramen Pork Tonkotsu Flavor,Pack,Japan,4,NA
1246,Annie Chun's,Ramen House Chicken Vegetable Flavored Ramen,Pack,USA,4,NA
1244,Unif,Unif-100 Pickled Cayenne Flavor Beef Ramen,Pack,China,3.75,NA
1242,Thai Pavilion,Garlic Chili Instant Rice Noodles & Sauce,Tray,USA,4,NA
1241,Nissin,Donbei Kansai Soy Sauce Flavor Udon,Pack,Japan,3.75,NA
1238,Sapporo Ichiban,Sesame Ramen,Pack,Japan,5,NA
1237,Mama,Instant Noodles Creamy Tom Yum Minced Pork Flavour,Pack,Thailand,3.5,NA
1236,Emart,Dare You Habanero Ramyun,Cup,South Korea,3.25,NA
1231,A-Sha Dry Noodle,Instant Noodle Shallot Flavor,Pack,Taiwan,3.75,NA
1229,Kumamoto,Tonkotsu Ramen MEGA Dragon,Pack,Japan,2.5,NA
1228,Maruchan,Seimen Japanese Instant Ramen Noodles Shio Aji,Pack,Japan,3.75,NA
1226,Master Kong,Artificial Braised Beef Flavor Instant Noodle,Bowl,China,3.75,NA
1225,Nissin,Pan Asian Kitchen Sweet & Sour Chicken Flavor Ramen Noodles,Tray,USA,3.75,NA
1224,HoMyeonDang,Premium Noodle House Seafood Ramyun,Pack,South Korea,4,NA
1220,Nissin,Ultraman Instant Noodle Pork Flavour,Cup,Japan,3,NA
1219,Tokyo Noodle,Mini Instant Noodle Spicy Flavor,Pack,Japan,3.5,NA
1218,Sau Tao,Ho Fan Beef Soup Flavored,Pack,China,3.75,NA
1213,Nan Jie Cun,Hot -Dry Instant Noodles Chilli Flavour,Tray,China,0.5,NA
1212,Ruski,Instant Noodles Tom Yum Flavour,Pack,Thailand,3.5,NA
1210,A-Sha Dry Noodle,Hell Spicy Mala,Pack,Taiwan,4,NA
1208,Golden Wheat,Korean Style Stew Prok Flavour Cooking Noodle,Pack,China,3.5,NA
1207,Nissin,UFO Yakisoba With Wasabi Mayonnaise,Bowl,Japan,5,NA
1206,China Best,Frozen Satay Sauce Noodle,Pack,Taiwan,1,NA
1205,Mama,Instant Noodles Pork Flavour With Black Pepper,Pack,Thailand,3.5,NA
1202,Sugakiya Foods,Udon Miso Stew,Pack,Japan,3.25,NA
1201,A-Sha Dry Noodle,Instant Noodle Curry Flavour,Pack,Taiwan,4.25,NA
1200,Men-Sunaoshi,Tonkotsu Ramen,Pack,Japan,3.75,NA
1199,Mama,Instant Noodles Chicken Green Curry Flavour,Pack,Thailand,3.75,NA
1198,Samyang Foods,Maesaengyitangmyun Baked Noodle,Pack,South Korea,5,2014 #5
1197,Nissin,Cup Noodle Chilli Tomato,Cup,Japan,4.5,NA
1196,Nissin,Bowl Noodles Chicken Flavor,Bowl,USA,3.5,NA
1194,Paldo,Namja Ramyun (US Version),Bowl,South Korea,4,NA
1192,Wu-Mu,Ramen With Simmered Pork Flavor,Pack,Taiwan,3.75,NA
1190,Sanrio,Hello Kitty Hakata Shoyutonkotsu Ramen,Bowl,Japan,3.75,NA
1189,Acecook,Comet Mori Yukino Tan-tan men,Bowl,Japan,5,NA
1188,Chencun,Braised Pork Ribs,Cup,China,3,NA
1187,Nongshim,Shin Ramyun Cup,Cup,South Korea,3.5,NA
1184,Sapporo Ichiban,Pokemon Shoyu Ramen,Cup,Japan,3.5,NA
1183,Paldo,Cheese Noodle,Pack,South Korea,5,2014 #6
1181,Samyang Foods,Star Popeye Ramyun Snack,Pack,South Korea,4,NA
1180,Wei Lih,What’s That? Leisure Meatballs Spicy Chicken Flavor,Pack,Taiwan,3.75,NA
1179,Myojo,Chukazanmai Guangdong Style Ramen,Pack,Japan,4.25,NA
1178,Nongshim,Shin Black Spicy Pot-au-feu Flavor Premium Noodle Soup,Cup,USA,5,NA
1176,Maruchan,Old Style Shio Ramen,Pack,Japan,3.5,NA
1174,Itomen,Crab Flavor Instant Ramen,Pack,Japan,4,NA
1172,Koyo,Seaweed Ramen Made With Organic Noodles,Pack,USA,2.75,NA
1170,Acecook,Jan Jan Yakisoba,Cup,Japan,3.75,NA
1168,Nissin,Donbei Curry Udon (West Japanese),Bowl,Japan,3.25,NA
1166,Unif,Man Han Feast Sichuan Chilli Eel Flavor,Bowl,Taiwan,5,NA
1165,Nissin,Chow Mein With Shrimp Chow Mein Noodles,Tray,USA,3.75,NA
1163,Chewy,Rice Vermicelli Spicy Beef With Chilli Flavour,Pack,China,3.25,NA
1162,Nissin,Chanpon Ramen,Pack,Japan,4.75,NA
1160,Samyang Foods,Chacharoni,Pack,South Korea,3.75,NA
1159,Peyang,Yakisoba,Tray,Japan,5,NA
1155,Komforte Chockolates,Savory Ramen,Bar,USA,5,NA
1154,Golden Wheat,Korean Style Shrimp Flavour Cooking Noodle,Pack,China,3.5,NA
1153,Wu-Mu,Spicy Flavor Tomato Ramen,Pack,Taiwan,4,NA
1152,Sapporo Ichiban,Tomato & Basil Shio Ramen,Pack,Japan,4,NA
1138,Tablemark,Downtown Ramen Shop Shoyu,Pack,Japan,4.75,NA
1136,Nissin,Yakisoba,Pack,Japan,5,NA
1134,Hi-Myon,Katsuo Udon,Pack,South Korea,4,NA
1131,Wei Lih,What’s That? Leisure Meatballs Chicken Flavor,Pack,Taiwan,3.75,NA
1130,Nissin,Big Cup Noodles Habanero Lime Shrimp Flavor Ramen Noodle Soup,Cup,USA,3.5,NA
1129,Oyatsu,Baby Star Ramen Round Chikinmini,Pack,Japan,3.5,NA
1125,Myojo,Japanese Style Noodles Shio Flavor,Pack,USA,5,NA
1124,Samyang Foods,Ganjjampong,Bowl,South Korea,4.25,NA
1123,Maruchan,Fresh Yaki-Soba Stir Fry Noodles With Seasoning Sauce Base,Pack,Japan,4.25,NA
1122,Nagao Noodle,Ramen Kamen Thasos Galle Pork Bone,Pack,Japan,4.25,NA
1121,Sau Tao,Oat Noodle Sesame Oil Flavored,Pack,China,3.75,NA
1117,Thai Pavilion,spicy Pad Thai Instant Noodles & Sauce,Tray,USA,4.25,NA
1116,Tokyo Noodle,Mini Instant Noodles Artificial Chicken Flavor,Pack,Japan,5,NA
1115,Nissin,Pan Asian Kitchen Sukiyaki Beef Flavor Savory Soy Sauce Ramen Noodles,Tray,USA,3.75,NA
1113,Samyang Foods,Samyang Ramyun (SK Version),Cup,South Korea,3.5,NA
1112,Mama,Oriental Style Instant Kua-Chap Clear Soup,Pack,Thailand,3.75,NA
1111,Golden Wheat,Korean Style Stew Beef Cooking Noodle,Pack,China,3.25,NA
1110,GS25,Gonghwachun Jjajangmyun,Pack,South Korea,4.5,NA
1108,Chencun,Spicy Beef,Cup,China,3.5,NA
1106,Nissin,Raoh Rich Soy Sauce With Roast Pork (2 Slices),Bowl,Japan,4.5,NA
1105,Nongshim,Doong Ji Authentic Korean Cold Noodles With Chili Sauce,Tray,South Korea,5,NA
1103,Myojo,Ippei-chan Yomise No Yakisoba Teriyaki Mayo Flavor,Tray,Japan,5,NA
1097,Amianda,Homely Dried Noodles - Sesame Pate,Pack,Taiwan,3.75,NA
1096,Amianda,Tachia Noodles - Hot & Spicy Sauce,Pack,Taiwan,3.5,NA
1095,Amianda,Tachia Dried Noodles - Fried Shallot,Pack,Taiwan,3.25,NA
1094,Amianda,Thin Noodles - Sesame Oil,Pack,Taiwan,4.25,NA
1093,Amianda,Hakka Flat Noodles - Satay Sauce,Pack,Taiwan,4.5,NA
1092,Amianda,Tachia Dried Noodles - Rou Zhou Meat Sauce,Pack,Taiwan,5,NA
1091,Amianda,Homely Dried Noodles - Original Flavor,Pack,Taiwan,4,NA
1090,Amianda,Dried Noodles - Spicy Sauerkraut,Pack,Taiwan,3.25,NA
1089,Amianda,Hakka Flat Noodles - Fried Bean Sauce,Pack,Taiwan,4.25,NA
1088,Amianda,Tachia Dried Noodles - Peppery,Pack,Taiwan,3.75,NA
1083,Nissin,GooTa Demi Hamburg-Men,Cup,Japan,4.75,NA
1081,Deshome,Aloe Noodle Sesame Sauce,Pack,Taiwan,3.25,NA
1080,Deshome,Black Eyed Beans Noodle Basil Sauce & Sesame Sauce,Pack,Taiwan,3.5,NA
1079,Deshome,Aloe Noodle Vegetable Sauce,Pack,Taiwan,5,NA
1078,Deshome,Black Eyed Beans Noodle Spicy Soybean Sauce & Sesame Sauce,Pack,Taiwan,3.75,NA
1077,Deshome,Aloe Noodle Red Onion & Sesame Sauce,Pack,Taiwan,5,NA
1076,Deshome,Black Eyed Beans Noodle Vegetable Sauce & Sesame Sauce,Pack,Taiwan,3.75,NA
1075,Deshome,Aloe Noodle With Basil Sauce,Pack,Taiwan,5,NA
1074,Deshome,Pollen Noodles Sesame Sauce & Soy Sauce,Pack,Taiwan,4.25,NA
1073,Deshome,Black Eyed Bean Noodle Red Onion Sauce & Sesame Sauce,Pack,Taiwan,3.75,NA
1072,Deshome,Aloe Noodle With Spicy Soybean Sauce,Pack,Taiwan,4,NA
1071,Nissin,Raoh Soy Sauce Taste,Pack,Japan,4,NA
1070,HoMyeonDang,Premium Noodle House Pork & Seafood Flavor,Pack,South Korea,4,NA
1069,Nissin,Raoh Rich Miso Flavor,Bowl,Japan,5,NA
1067,Nissin,Cup Noodle Red Shock,Cup,Japan,3.75,NA
1066,Tasty Bite,1 Step-1 Minute Asian Noodles Pad Thai,Pack,USA,3.5,NA
1065,Tasty Bite,1 Step-1 Minute Asian Noodles Kung Pao,Pack,USA,4.25,NA
1064,Tasty Bite,1 Step-1 Minute Asian Noodles Mushroom Lo Mein,Pack,USA,4,NA
1063,Tasty Bite,1 Step-1 Minute Asian Noodles Thai Basil,Pack,USA,3.75,NA
1062,Tasty Bite,1 Step-1 Minute Asian Noodles Lemongrass Ginger,Pack,USA,3.75,NA
1061,Tasty Bite,1 Step-1 Minute Asian Noodles Toasted Sesame,Pack,USA,4,NA
1060,Star Anise Foods,Happy Pho Vietnamese Brown Rice Noodle Soup Garlic Goodness,Pack,USA,3.75,NA
1058,A-Sha Dry Noodle,Dry Noodle Mandarin Noodle - Original Sauce,Pack,Taiwan,4,NA
1057,A-Sha Dry Noodle,Dry Noodle Hakka Noodle - Spicy Sesame Oil Sauce,Pack,Taiwan,3.5,NA
1056,A-Sha Dry Noodle,Dry Noodle Mandarin Noodle - Onion Oil Sauce,Pack,Taiwan,5,NA
1055,A-Sha Dry Noodle,Dry Noodle QQ Thin Noodle - BBQ Sauce,Pack,Taiwan,5,NA
1054,A-Sha Dry Noodle,No. 10 Mandarin Noodle - Black Pepper Sauce,Pack,Taiwan,3.75,NA
1053,A-Sha Dry Noodle,Dry Noodle Tainan Noodle - Sesame Sauce,Pack,Taiwan,4,NA
1052,A-Sha Dry Noodle,Dry Noodle Hakka Noodle - Chili Sauce,Pack,Taiwan,4.25,NA
1051,Maruchan,Seimen Japanese Instant Ramen Noodles Soy Sauce Taste,Pack,Japan,3.75,NA
1048,Ottogi,Cheese Bokki,Cup,South Korea,3.5,NA
1047,New Touch,Yakisoba Noodle,Tray,Japan,4,NA
1046,Myojo,Stir Fry Noodles Japanese Style Noodles With Sauce,Pack,USA,4,NA
1045,Nissin,Chow Mein Chicken,Tray,USA,3.5,NA
1044,Nongshim,Shin Ramyun Noodle Spicy Mushroom,Bowl,China,3.25,NA
1043,Chewy,Rice Vermicelli Satay Chicken,Pack,China,3,NA
1042,Nongshim,Potato Pork Ramyun,Pack,China,5,NA
1039,Maruchan,Bowl Hot & Spicy Shrimp Flavor Ramen Noodles With Vegetables,Bowl,USA,4.25,NA
1038,Itomen,Chanponmen,Pack,Japan,4.25,NA
1037,Emart,Dare You Habanero Jjamppong,Pack,South Korea,4,NA
1036,Golden Wheat,Korean Style Spicy Shrimp Noodle Soup,Bowl,China,3.5,NA
1035,Wei Lih,Spicy Sichuan Flavor Instant Noodle,Bowl,Taiwan,3.5,NA
1033,Nissin,King Cup Noodle BBQ Chicken & Onion,Cup,Japan,3.75,NA
1032,Mama,Authentic Thai Cuisine Pad Thai,Pack,Thailand,4,NA
1031,HoMyeonDang,Premium Noodle House Don Ramyun,Pack,South Korea,4,NA
1030,Samyang Foods,60 Ingredients Assorted Vegetable SK Version,Pack,South Korea,3.75,NA
1029,Samyang Foods,Nagasaki Crab Jjampong,Pack,South Korea,5,NA
1028,Samyang Foods,Buldalk Bokkeummyeon (Hot Fried Chicken Ramyun),Pack,South Korea,4,NA
1027,Samyang Foods,Yukgaejang Beef Ramyun,Bowl,South Korea,4,NA
1026,Samyang Foods,Bajirak Kalgugsu,Pack,South Korea,3.75,NA
1025,Samyang Foods,Hot Chacharoni,Pack,South Korea,3.75,NA
1024,HoMyeonDang,Premium Noodle House Tofu Fried Noodle,Pack,South Korea,3.5,NA
1023,Samyang Foods,Samyang Ramyun,Pack,South Korea,4.5,NA
1022,HoMyeonDang,Premuim Noodle House Crab Jjampong,Pack,South Korea,5,NA
1021,Samyang Foods,Beef Flavor Ramyun (SK Version),Pack,South Korea,4.25,NA
1020,Samyang Foods,Nagasaki Jjampong,Bowl,South Korea,4.75,NA
1019,Samyang Foods,Kimchi Ramyun (SK Version),Pack,South Korea,4,NA
1018,Samyang Foods,Ganjjampong,Pack,South Korea,4.25,NA
1017,Samyang Foods,Sutah (SK Version),Pack,South Korea,3.75,NA
1016,Nissin,Big Cup Noodles Habanero Lime Chicken Flavor Ramen Noodle Soup,Cup,USA,3.5,NA
1015,Tradition,Oriental Style Ramen Noodle Soup,Pack,USA,2.75,NA
1014,Nissin,King Spa Oh Peperoncino Spaghetti (日清生タイプSpa王 ペペロンチーノ),Bowl,Japan,4.25,NA
1011,Maruchan,Bowl Hot & Spicy Chicken Flavor Ramen Noodles With Vegetables,Bowl,USA,4,NA
1010,Golden Wheat,Korean Style Spicy Beef Noodle Soup,Bowl,China,3.75,NA
1008,Ottogi,Sesame Flavor Noodle Bowl,Bowl,South Korea,3.5,NA
1005,Four Seas,Chicken Flavour,Bowl,China,2.75,NA
1004,Wai Wai,Artificial Pork Flavour,Pack,Thailand,3,NA
1003,Nissin,Chow Mein Spicy Teriyaki Beef,Tray,USA,4.5,NA
1001,Paldo,ДОШИРАК (Dosirac) Beef Flavor,Pack,South Korea,3.5,NA
1000,Maruchan,Yakisoba Beef Taco Flavor,Tray,USA,4.25,NA
998,Nongshim,Shin Ramyun Black Spicy Beef,Cup,South Korea,4.5,NA
997,Sakurai Foods,Miso Stew Instant Udon (Winter),Pack,Japan,4.25,NA
996,Maruchan,Bowl Chicken Flavor,Bowl,USA,4,NA
994,Wai Wai,Tom Yum Shrimp Flavour,Pack,Thailand,3.25,NA
990,Nissin,Pan Asian Kitchen Spicy Pad Thai,Tray,USA,2.75,NA
989,GS25,Gonghwachun Jjamppong,Pack,South Korea,4,NA
986,Paldo,Jong-Gah-Jip Kimchi Ramen,Pack,South Korea,4,NA
984,Sun Noodle,Ramen Shoyu Flavor,Tray,USA,5,NA
983,Sun Noodle,Tantanmen Spicy Sesame (Mild),Tray,USA,3.75,NA
982,Sun Noodle,Ramen Miso Flavor,Tray,USA,5,NA
981,S&S,Saimin,Pack,USA,4,NA
980,Sun Noodle,Cold Ramen Soy Sauce Vinaigrette,Tray,USA,4,NA
979,Sun Noodle,Nama Soba Buckwheat Noodle,Tray,USA,4,NA
978,Sun Noodle,Ramen Pork Flavor,Tray,USA,5,NA
977,Sun Noodle,Yakisoba,Pack,USA,4.5,NA
976,Nissin,Donbei Tensoba,Bowl,Japan,4,NA
975,Ottogi,Spaghetti Ramen,Bowl,South Korea,4.5,NA
973,Annie Chun's,Ramen House Spicy Chicken Ramen,Pack,USA,4,NA
972,Springlife,Spinach With Organic Noodles,Pack,China,3,NA
971,Annie Chun's,Soup Bowl Chinese Chicken,Bowl,USA,4.25,NA
970,Annie Chun's,Noodle Express Spicy Szechuan,Tray,USA,2,NA
969,Annie Chun's,Soup Bowl Vietnamese Pho,Bowl,USA,4,NA
968,Annie Chun's,Noodle Express Teriyaki,Tray,USA,3,NA
967,Annie Chun's,Soup Bowl South Korean Kimchi,Bowl,USA,4.5,NA
966,Annie Chun's,Ramen House Spring Vegetable Ramen,Pack,USA,4,NA
965,Annie Chun's,Noodle Express Chinese Chow Mein,Tray,USA,3.75,NA
964,Nissin,Raoh Backfat Rich Soy Sauce Flavor,Bowl,Japan,5,NA
962,Nongshim,Bowl Noodle Soup Spicy Seafood Flavor (New Version),Bowl,USA,4.25,NA
960,Nissin,Bowl Noodles Hot & Spicy Super Picante,Bowl,USA,3.25,NA
959,Sakurai Foods,ARCHE Naturküche Ramen Mit Ingwer,Pack,Japan,3.25,NA
958,Sakurai Foods,Soy Sauce Ramen,Bowl,Japan,4.25,NA
957,Sakurai Foods,100% Vegetarian Soy Sauce Flavor,Pack,Japan,4.25,NA
956,Sakurai Foods,Sesame Noodles,Pack,Japan,5,NA
955,Sakurai Foods,Miso Ramen,Bowl,Japan,4,NA
954,Sakurai Foods,ARCHE Naturküche Japanische Nudelsuppe,Pack,Japan,3.25,NA
953,Sakurai Foods,Soy Sauce Ramen,Pack,Japan,4.75,NA
950,Ottogi,Kiss Myon,Cup,South Korea,3.75,NA
947,Maruchan,Yakisoba Jalapeno Cheddar,Tray,USA,4,NA
946,Right Foods,Dr. McDougall's Vegan Chicken Ramen,Cup,USA,1.75,NA
944,Wai Wai,Oriental Style Instant Noodles (Dry method),Pack,Thailand,3,NA
942,Kamfen,E-men Lobster Soup,Pack,China,3.25,NA
940,Wai Wai,Sour Soup Flavor,Pack,Thailand,3.5,NA
938,Maruchan,Yakisoba Four Cheese,Tray,USA,3.75,NA
937,Mama,Shrimp (TOM YUM),Pack,Thailand,3.75,NA
936,Yamachan,Mild Tonkotsu,Pack,USA,5,NA
935,Maruchan,Beef,Cup,USA,3.5,NA
934,Nongshim,Jinjja Jinjja Flamin' Hot & Nutty,Pack,USA,5,2013 #4
933,Paldo,Kokomen Spicy Chicken,Cup,South Korea,4.5,NA
932,Paldo,Namja Ramen (USA version),Pack,South Korea,5,NA
931,Kamfen,dried Mix Noodles Soya Bean Paste,Tray,China,3.75,NA
930,Maruchan,35% Less Sodium Beef,Cup,USA,3.5,NA
928,Kamfen,Dried Mix Noodles Artificial Spicy Pork,Tray,China,4,NA
927,Paldo,Kokomen Spicy Chicken,Bowl,South Korea,4.75,NA
925,Emart,Dare You! Habanero Ramen,Pack,South Korea,3.75,NA
924,Maruchan,35% Less Sodium Chicken,Pack,USA,3.75,NA
922,Sunlee,Shitake Mushroom Vernicalli,Bowl,Thailand,1.25,NA
921,Ottogi,Jjajang Bokki,Bowl,South Korea,3.5,NA
920,Shirakiku,Hot & Spicy Udon,Pack,USA,3,NA
919,Maruchan,35% Less Sodium Beef,Pack,USA,3.5,NA
918,Nongshim,Tempura Udon Flavor Cup Ramyun,Cup,South Korea,4.5,NA
916,Goku Uma,Seafood Flavor Japanese Noodles,Bowl,Japan,4.25,NA
915,Wai Wai,Casserole Beef Flavour,Pack,Thailand,3.5,NA
914,Nissin,Ramen Shop Sapporo Miso,Pack,Japan,4,NA
913,Nongshim,Spicy Shrimp Cup Ramyun,Cup,South Korea,4.25,NA
912,Maruchan,Instant Lunch Shrimp,Cup,USA,3.75,NA
911,Nissin,Top Ramen Cucharealo Habanero Shrimp,Pack,USA,3.75,NA
910,Paldo,Namja Ramyun,Bowl,South Korea,4.25,"
"
908,Sapporo Ichiban,Original Flavor,Cup,USA,3.5,NA
907,Nongshim,Neoguri Spicy Seafood,Cup,South Korea,4,NA
905,Tradition,Vegetable Instant Noodle soup,Cup,USA,3.25,NA
904,Myojo,Ippei-chan Yomise-No Yakisoba Oriental,Tray,Japan,4.75,NA
903,Han's South Korea,Rice Noodle With Seafood Flavored Soup,Tray,South Korea,3.5,NA
902,Sunlee,Pho Bo Beef Flavour Rice Stick,Bowl,Thailand,3.25,NA
900,Maruchan,Instant Lunch Chicken,Cup,USA,3.5,NA
898,Long Kow,Crystal Noodles Savory Shoyu,Cup,China,1.5,NA
894,Han's South Korea,Rice Noodle With Kimchi Flavored Soup,Tray,South Korea,3,NA
893,Paldo,Bowl Noodle Shrimp Flavor,Bowl,South Korea,3.25,NA
889,Yamachan,Rich Shoyu Ramen,Pack,USA,4,NA
888,Yamachan,Nagasaki Sara Udon Chicken,Pack,USA,4.25,NA
887,Yamachan,Cold Noodles With Lemon Soy Dressing,Pack,USA,4,NA
886,Yamachan,Tonkotsu-Shoyu Rich Pork Flavor Ramen,Pack,USA,4.75,NA
885,Yamachan,Miso Ramen Rich Sapporo Miso,Pack,USA,5,NA
884,Yamachan,Miso Ramen - Mild,Pack,USA,4,NA
883,Yamachan,Shio Ramen Seafood Mild,Pack,USA,4.5,NA
881,Han's South Korea,Rice Noodle With Hot & Spicy,Tray,South Korea,3.25,NA
880,Golden Wheat,South Korean Style Seafood,Cup,China,2.75,NA
879,Song Hak,Rice Topokki,Bowl,South Korea,5,NA
878,Nissin,Top Ramen Short Cuts Lime Chili,Pack,USA,3.75,NA
877,Nongshim,Shin Bowl (New),Bowl,USA,4.25,NA
875,Sunlee,Artificial Chicken Rice Vermicelli,Bowl,Thailand,2.5,NA
874,Fuji Mengyo,Nabeyaki Udon,Bowl,Japan,3.5,NA
872,Nongshim,Chapagetti,Bowl,USA,5,NA
871,Dragonfly,Artificial Hot & Sour Shrimp,Pack,China,4,NA
868,CJ CheilJedang,Katsuobushi Udon,Bowl,South Korea,3.75,NA
866,Master Kong,Mianba,Pack,China,4,NA
865,Little Cook,Stewed Duck,Cup,Thailand,3,NA
864,Unif / Tung-I,Chinese Spices Tong Tsai Bean Vermicelli,Pack,Taiwan,3.5,NA
862,Nissin,Top Ramen Short Cuts Roast Chicken,Pack,USA,4.25,NA
860,Baijia,Artificial Pickled Cabbage Fish,Pack,China,2.75,NA
859,Tradition,Imitation Chicken Vegetarian,Cup,USA,3.75,NA
857,Sempio,Seafood Vermicelli Anchovy,Bowl,South Korea,4.25,NA
856,Little Cook,Mushroom Vegetarian,Bowl,Thailand,4.75,NA
854,Long Kow,Crystal Noodles Hot & Sour,Bowl,China,3.5,NA
853,Dongwon,RaUdong Unfried Noodle With Kimchi,Bowl,South Korea,4.5,NA
851,Dragonfly,Artificial Pork Ribs,Bowl,China,3.5,NA
850,Nissin,Top Ramen Short Cuts Chicken,Pack,USA,4,NA
849,Nissin,Top Ramen Cucharealo Tomato Chicken,Pack,USA,3.5,NA
848,Golden Wheat,South Korean Style Spicy Pork,Cup,China,3.5,NA
847,Itomen,Sansai Soba Edible Wld Plant,Bowl,Japan,3.25,NA
845,Nongshim,Doong Ji Cold Noodle Chilled Broth,Pack,South Korea,4.25,NA
843,Nissin,Top Ramen Short Cuts Beef,Pack,USA,3.5,NA
842,JML,Artificial Stew Beef,Bowl,China,3.75,NA
841,Nongshim,Chapagetti (South Korean),Pack,South Korea,4,NA
840,Chewy,Stir Rice Vermicelli Singaporean Laksa,Tray,China,3.75,NA
839,CJ CheilJedang,Mild Bean Curd Stew,Cup,South Korea,2,NA
837,Nissin,Top Ramen Cucharealo Picante Chicken,Pack,USA,4.5,NA
833,Wai Wai,Vegetarian,Pack,Thailand,3.5,NA
832,Dragonfly,Mee Goreng Dry Ramen Noodles,Pack,China,3.75,NA
830,Seven-Eleven,Seven & I Shoyu,Cup,Japan,4.5,NA
829,Paldo,Kko Kko Myun King Cup,Bowl,South Korea,4.75,NA
828,Paldo,Seolleongtangmyeon,Pack,South Korea,3.5,NA
827,Paldo,Rabokki,Pack,South Korea,4.75,NA
826,Paldo,Namja,Pack,South Korea,5,NA
825,Paldo,Shoyu,Cup,Japan,3.25,NA
824,Paldo,Bibim Men Cucumber,Pack,South Korea,5,NA
823,Paldo,Kokomen Spicy Chicken,Pack,South Korea,5,2013 #9
822,Paldo,Speed King Bowl (Prototype),Bowl,South Korea,3.5,NA
821,Master Kong,Potatoes & Stewed Beef,Pack,China,5,NA
820,Sunlee,Tom Yum Shrimp Rice Stick,Bowl,Thailand,3.75,NA
819,Maruchan,Tempura Soba,Pack,Japan,4,NA
817,Souper,Bowl Ramen Shrimp,Bowl,Taiwan,3.75,NA
815,Chencun,Stewde Chicken Of Mushroom,Cup,China,3.25,NA
812,Master Kong,Spicy Beef,Pack,China,3.75,NA
809,Nongshim,Neoguri Mild (South Korea),Pack,South Korea,4,NA
808,Kim's Bowl,Vegetarian Tom Yum,Bowl,Thailand,3.5,NA
806,Ohsung,Hot Spicy Bowl With Soy Peptide,Bowl,South Korea,3.5,NA
805,Acecook,Super Big Ramen Soy Sauce,Bowl,Japan,1.25,NA
804,Little Cook,Abalone Chicken,Cup,Thailand,1.75,NA
803,Master Kong,Premium Taste Roasted Beef,Bowl,China,4,NA
799,Nongshim,Bowl Noodle Savory Chicken (New),Bowl,USA,4.25,NA
798,Golden Wheat,South Korean Style Pork,Cup,China,3,NA
795,Master Kong,Red Oil Dan Dan,Tray,China,2.75,NA
792,Nongshim,Bowl Noodle Spicy Chicken (New),Bowl,USA,4.5,NA
791,Acecook,Super Big Ramen Tonkotsu,Bowl,Japan,1,NA
790,GreeNoodle,Shiitake & Soy Sauce,Pack,Thailand,1.5,NA
788,Uni-President,100 Beef With Sauerkraut,Pack,Taiwan,4.75,NA
787,Emart,Ramen E Ramen White Broth,Pack,South Korea,5,NA
784,Hankow,Cai Lin Ji Dry Noodles,Tray,China,3.25,NA
783,Nissin,Cup Noodles Salsa Picante Chicken,Cup,USA,3,NA
782,Nongshim,Bowl Noodle Savory Shrimp (New),Bowl,USA,3.25,NA
780,Ottogi,Jin Ramen (Mild) (Import),Pack,South Korea,3.5,NA
775,JML,Seafood,Bowl,China,3,NA
773,Little Cook,TVP Stewed Pork,Bowl,Thailand,3.5,NA
772,Nongshim,Bowl Noodle Hot & Spicy Beef (New),Pack,USA,3.5,NA
769,Nissin,Cup Noodles Shrimp Picante Style,Cup,USA,3.25,NA
768,Fashion Foods,Oriental,Bowl,Thailand,0.25,NA
767,Fashion Foods,Mushroom Vegetarian,Bowl,Thailand,1.75,NA
766,Fashion Foods,Beef Pho,Bowl,Thailand,3.75,NA
764,Sempio,Seafood Noodle Cup,Bowl,South Korea,3.5,NA
762,Long Kow,Kimchi Pickle Bean Vermicelli,Pack,Taiwan,1.5,NA
761,Thai Kitchen,Garlic Vegetable Rice Noodle,Pack,USA,3.5,NA
760,Nissin,Big Cup Noodles Roast Chicken,Cup,USA,3.25,NA
759,Nongshim,Bowl Noodle Savory Lobster (New),Bowl,USA,3.75,NA
758,JML,Artificial Stew Pork,Bowl,China,3.25,NA
756,Daikoku,Bikkuchigekara Big Chige,Bowl,Japan,3.75,NA
755,Nongshim,Udon,Bowl,South Korea,4.25,NA
754,Nongshim,Ansungtangmyun (US Version),Pack,USA,3.75,NA
753,Nongshim,Soba,Pack,South Korea,4.25,NA
752,Nongshim,Bowl Noodle Savory Tempura Udon,Bowl,USA,3.5,NA
751,Nongshim,Shin Ramyun Black Onion,Cup,South Korea,5,NA
750,Nongshim,Bowl Noodle Spicy Kimchi (New),Bowl,USA,3.75,NA
749,Sapporo Ichiban,Chow Mein (New),Pack,USA,5,NA
748,Hosoonyi,Naengmyeon Combo,Bowl,USA,3.75,NA
747,Nissin,Spoon-it Chicken,Pack,USA,3.5,NA
746,JML,Artificial Mushroom Chicken,Bowl,China,1.25,NA
745,Nongshim,Jinjja Jinjja,Pack,South Korea,5,NA
741,Wei Lih,Good Good Eat Super Ramen Vegetable,Pack,Taiwan,2.75,NA
739,JML,Artificial Spicy Beef,Bowl,China,3.5,NA
738,Nissin,U.F.O. Yakiosoba,Bowl,Japan,3.75,NA
736,Maruchan,Yakisoba Spicy Vegetable,Tray,USA,3.25,NA
735,Ottogi,Odongtong Myon Seafood,Bowl,South Korea,2.75,NA
722,Yamamoto,Seafood Ramen,Bowl,Japan,3.5,NA
721,Nongshim,Bowl Noodle Savory Beef,Bowl,USA,4,NA
719,Nissin,Spoon-it Beef,Pack,USA,3.25,NA
718,Ottogi,Kiss Myon,Pack,South Korea,3.75,NA
717,Nissin,Ramen Bowl Spicy Chicken,Bowl,USA,3.25,NA
714,Pulmuone,Nature Is Delicious Spicy,Pack,South Korea,3.75,NA
713,Nissin,Spoon-it Creamy Chicken,Pack,USA,4,NA
711,Nongshim,Hearty Rice Noodle Beef,Pack,South Korea,4.25,NA
709,Nissin,Chow Mein Spicy Chicken,Tray,USA,3.25,NA
708,Wu Mu,Pork Flavor Ramen,Pack,Taiwan,2.75,NA
707,Mee Jang,Noodle Soup Spicy Beef Garlic Onion,Bowl,Thailand,3.25,NA
706,Unif,Man Han Feast Spring Onion Eel,Bowl,Taiwan,4.25,NA
705,Golden Wheat,South Korean Style Beef,Cup,China,3.5,NA
704,Nissin,Chow Mein Chinese Chicken Vegetable,Tray,USA,4,NA
703,Nissin,Spoon-it Rich Hearty Beef Stew,Pack,USA,3.5,NA
702,Nissin,Demae Ramen Black Garlic Oil Tonkotsu,Pack,Japan,4.5,NA
701,Nissin,Big Cup Noodles Lime Chili Shrimp,Cup,USA,4,NA
700,Nissin,Chikin Ramen (Local),Pack,Japan,5,NA
699,Nissin,Cup Noodles Salsa Picante Shrimp,Cup,USA,3.5,NA
698,Nissin,Chow Mein Orange Chicken,Tray,USA,4,NA
697,Nissin,Spoon-it Rich Hearty Savory Chicken,Pack,USA,3.25,NA
696,Nissin,Big Cup Noodles Spicy Chicken,Cup,USA,3.5,NA
695,JFC,Japanese Style Noodle Curry,Bowl,Japan,4.5,NA
693,Chewy,Stir Rice Vermicelli Indonesian Gado Gado,Tray,China,2.25,NA
692,Samyang,Assorted Vegetable Ramen,Pack,South Korea,3.75,NA
690,Maruchan,Yakisoba Savory Soy Sauce,Tray,USA,3.75,NA
689,Mee Jang,Noodle Soup Sour Spicy Shrimp Tom Yum,Bowl,Thailand,2.5,NA
688,Ohsung,Hong Ramyun Soy Peptide Hot Spicy,Pack,South Korea,3.75,NA
684,Dragonfly,Artificial Seafood,Pack,China,3.75,NA
683,Nongshim,Udon Garlic Teriyaki,Pack,South Korea,4.75,NA
681,Nongshim,Hearty Rice Noodle Black Bean Vegetable,Pack,South Korea,3.75,NA
678,Wang,Kitsune Udon,Bowl,South Korea,4,NA
677,Nongshim,Shin Ramyun Shrimp,Pack,China,4.5,NA
675,Samyang,Nagasaki Jjampong,Pack,South Korea,4.75,NA
674,Paldo,Kko Kko Myun,Pack,South Korea,5,NA
673,Ohsung,Hong Ramyun Soup Soy Peptide Mild,Pack,South Korea,3.25,NA
669,Nissin,Gozen Tempura,Bowl,Japan,4,NA
667,Nissin,Ramen Bowl Kimchi,Bowl,USA,3,NA
666,Lishan,Black Rooster Chicken,Pack,Taiwan,1.5,NA
665,Mama,Moo Nam Tok Rice Vermicelli,Pack,Thailand,3.25,NA
664,Thai Kitchen,Bangkok Curry Rice Noodle,Pack,USA,2.75,NA
663,Paldo,Jjajangmen Black Bean,Pack,South Korea,4,NA
662,Daikoku,Shokuh Kitsune Udon,Bowl,Japan,4.25,NA
661,Yamamoto,Ponpoko Tempura Soba,Bowl,Japan,4.25,NA
659,Nissin,Ramen Bowl Spicy Shrimp,Bowl,USA,3,NA
658,Paldo,Hwa King Cup,Cup,South Korea,3.5,NA
657,Dragonfly,Onion,Pack,China,3.75,NA
656,Nissin,Ramen Bowl Hot & Spicy,Bowl,USA,3.75,NA
654,Mee Jang,Sour Spicy Chicken Tom Yum,Bowl,Thailand,3.25,NA
653,Dragonfly,Artificial Pork Ribs,Pack,China,4,NA
652,Sapporo Ichiban,Shio,Pack,Japan,5,NA
650,Dragonfly,Artificial Chicken,Pack,China,4,NA
648,Nongshim,Seafood Ramyun,Pack,South Korea,3.75,NA
647,Sunlee,Tom Yum Shrimp Noodle,Bowl,Thailand,3.5,NA
646,Yamamoto,Shoyu,Bowl,Japan,4.25,NA
645,Nongshim,Oolongmen Artificial Chicken,Cup,South Korea,3.75,NA
644,Sura,Knife Cut Rice Noodle,Bowl,South Korea,3.75,NA
643,Wei Chuan,Miso Vegetables,Pack,Taiwan,3.25,NA
642,Little Cook,Spicy Beef,Cup,Thailand,2.75,NA
640,Master Kong,Artificial Spicy Beef,Pack,China,4.25,NA
639,Nissin,Gozen Kitsune Udon,Bowl,Japan,5,NA
638,GreeNoodle,Yakisoba,Pack,Thailand,3,NA
636,Yamamori,Tom Yam Ramen Pork,Pack,Japan,4.75,NA
635,Ottogi,Buckwheat Bibim Ramyon,Pack,South Korea,1.1,NA
634,Baijia,Sichuan Hot Pot Sweet Potato Thread,Bowl,China,0.5,NA
633,Mr. Udon,Seafood Selection,Pack,South Korea,3.5,NA
632,Mr. Udon,Japanese Miso,Pack,South Korea,2.75,NA
631,Fashion Foods,XO Sauce,Bowl,Thailand,1.25,NA
630,Ve Wong,Kung Fu Artificial Mushroom Pork,Bowl,Taiwan,1.25,NA
629,Master Kong,Artificial Braised Beef,Pack,China,4.25,NA
626,Ottogi,Yeul Hot Taste,Bowl,South Korea,3.5,NA
624,Master Kong,Artificial Pork,Pack,China,3.75,NA
623,Wei Wei,"""A"" Series Vegetarian",Pack,Taiwan,3.25,NA
622,Daikoku,My Friend Vic Tanuki Udon,Bowl,Japan,4.75,NA
621,Ottogi,Jin Ramen Big Bowl (Hot),Bowl,South Korea,3.5,NA
619,Yamamoto,Ponpoko Tempura Udon,Bowl,Japan,4.75,NA
618,Pulmuone,Cold Noodles By Dad,Pack,South Korea,2.75,NA
617,Nissin,Demae Iccho Sesame Oil Chicken Macaroni,Pack,Japan,3.75,NA
615,Yamamori,Tom Yam Prawn,Pack,Japan,4.5,NA
612,Maruchan,Yakisoba Spicy Chicken,Tray,USA,1.75,NA
610,Wei Wei,"""A"" Series Artificial Chicken",Pack,Taiwan,3.25,NA
609,Wei Wei,"""A"" Series Artificial Hot Beef",Pack,Taiwan,3.75,NA
606,Six Fortune,U-Dong,Pack,South Korea,4,NA
605,Little Cook,Artificial Onion,Cup,Thailand,3.5,NA
603,Wei Lih,Goog Good Eat Super Ramen Hot Chili,Pack,Taiwan,3.75,NA
602,Nongshim,Oolongmen Artificial Seafood,Cup,South Korea,3.5,NA
601,Wei Chuan,Tomato Vegetables,Pack,Taiwan,4,NA
600,Maruchan,Ramen Noodle Soup Beef,Pack,USA,3.25,NA
598,Little Cook,Vegetarian,Cup,Thailand,3.25,NA
596,Thai Kitchen,Lemongrass Chili Rice Noodle,Pack,USA,1.5,NA
595,Thai Kitchen,Spring Onion Rice Noodle,Pack,USA,3.75,NA
594,Haioreum,Asian Style Noodles Seafood,Bowl,South Korea,3.5,NA
593,Nongshim,Chapagetti Chajang,Pack,South Korea,4,NA
590,Mama,Chand Clear Soup,Bowl,Thailand,3.5,NA
587,Sunlight,Steam Vermicelli,Pack,Taiwan,2.1,NA
586,Vedan,Bah Kut Tea Noodle For Vegetarians,Pack,Taiwan,3.25,NA
585,Ve Wong,Artificial Onion Flavor Bean Thread,Bowl,Taiwan,1.5,NA
584,Baijia,Single Noble Black Bone Chicken Sweet Potato Thread,Cup,China,0,NA
582,Koyo,Tofu & Miso,Pack,USA,2.5,NA
581,Koyo,Mushroom,Pack,USA,2.75,NA
580,Baijia,Hot & Sour Casserole Stewed Rice Noodle,Pack,China,0,NA
579,Baijia,Sichuan Pickled Sweet Potato Thread,Pack,China,1.75,NA
578,Nongshim,Shin Ramyun Black,Pack,South Korea,4.75,2012 #7
576,Menraku,Tempura Soba,Bowl,Japan,3.75,NA
572,Maruchan,Yakisoba Tomato Basil,Tray,USA,3,NA
571,Shirakiku,Japanese Style Tokusen Sio,Pack,Japan,3.25,NA
570,O Sung,Keopnurungji Rice Snack,Cup,South Korea,2.5,NA
568,Paldo,Gomtang,Cup,South Korea,4,NA
567,Goku Uma,Soy Sauce,Bowl,Japan,3.5,NA
566,Foodmon,DJ DOC Jjolmyeon,Bowl,South Korea,5,NA
564,Uni-President,One More Cup Kimchi,Cup,Taiwan,3.75,NA
563,Yum Yum,Duck,Pack,Thailand,3.25,NA
561,Sahmyook,Vegetable,Pack,South Korea,3.25,NA
560,Myojo,Ippeichan Soy Sauce,Bowl,Japan,4,NA
559,Wai Wai,Quick Tom Yum Shrimp,Cup,Thailand,3,NA
558,Long Kow,Crystal Noodles Vegetables,Bowl,China,1.5,NA
554,Yum Yum,Shrimp Tom Yum Flavor,Pack,Thailand,3.5,NA
553,Samyang,60 Ingredients,Cup,South Korea,2.75,NA
550,Nissin,Taisho Fried Noodle Yakisoba,Pack,Japan,4.25,NA
546,Yum Yum,Vegetable,Pack,Thailand,3.5,NA
545,Golden Wheat,South Korean Style Spicy Beef,Pack,China,3.5,NA
543,Menraku,Curry Udon,Bowl,Japan,4.75,NA
541,Yum Yum,Chicken,Pack,Thailand,3.5,NA
540,Nissin,Top Ramen Chicken,Pack,USA,3.25,NA
539,Nissin,Demae Ramen Chicken,Pack,Japan,3,NA
537,Mama,Pad Kee Mao Drunken,Pack,Thailand,2,NA
536,Ottogi,Yeul Ramyun,Pack,South Korea,4.25,NA
535,Wai Wai,Chicken Flavor,Pack,Thailand,0.9,NA
534,Mama,Pho Ga,Pack,Thailand,3.1,NA
533,Paldo,Gomtang,Pack,South Korea,4.75,NA
531,Yum Yum,Beef,Pack,Thailand,3.25,NA
530,Mee Jang,Artificial Shrimp Tom yum,Bowl,Thailand,3.5,NA
529,Sapporo Ichiban,Hot Spicy Chicken,Pack,USA,2,NA
527,Little Cook,Wheat Gluten Stewed Duck Flavoured,Bowl,Thailand,2.75,NA
526,Annie Chun's,Soy Ginger Ramen,Pack,USA,1.5,NA
525,JML,Artificial Spicy Hot Beef,Pack,China,3.75,NA
523,Dragonfly,Artificial Hot & Sour Shrimp,Bowl,China,4.5,NA
522,Samyang,Hot Beef,Pack,South Korea,4.25,NA
521,Menraku,Soy Sauce,Bowl,Japan,4.25,NA
520,Nan Hsing,Vegetarian Rice Noodles,Bowl,Taiwan,0.25,NA
518,Dragonfly,Artificial Chicken,Bowl,China,4.5,NA
517,Thai Kitchen,Thai Ginger Rice Noodle,Pack,USA,4.25,NA
516,Wang,Champong Spicy Seafood,Bowl,South Korea,3.5,NA
515,Tradition,Imitation Beef,Cup,USA,2.5,NA
514,Shirakiku,Sanukiya Fresh Spicy Ramen,Bowl,Japan,3,NA
513,Dragonfly,Artificial Onion,Bowl,China,4,NA
512,Paldo,Big Bowl Noodle,Bowl,South Korea,3.75,NA
511,Menraku,Miso,Bowl,Japan,2.75,NA
509,Ve Wong,Kung Fu Shrimp,Bowl,Taiwan,4,NA
508,Samyang,Beef,Cup,South Korea,3.75,NA
507,Dragonfly,Artificial Seafood,Bowl,China,3.75,NA
506,Nongshim,Oolongmen Beef,Cup,South Korea,2.5,NA
505,JML,Artificial Spicy Beef,Pack,China,3.5,NA
503,GreeNoodle,Miso,Pack,Thailand,1,NA
502,Sunlee,Beef Rice Stick,Bowl,Thailand,2,NA
501,Nongshim,Neoguri Mild,Pack,South Korea,3.25,NA
500,Mexi-Ramen,Soupless Ramen Shallot Teriyaki,Pack,USA,2.5,NA
499,Dragonfly,Artificial Beef,Bowl,China,4.75,NA
498,Hsin Tung Yang,Tiny Noodle With Oyster Flavor,Pack,Taiwan,0,NA
497,Nissin,Demae Iccho Seafood & Abalone Macaroni,Pack,Japan,4,NA
496,Maruchan,Yakisoba Shrimp,Tray,USA,2.75,NA
495,Ottogi,Jin Ramen (Mild),Pack,South Korea,3.25,NA
493,Pulmuone,Fresh Ramen Spicy,Pack,South Korea,3,NA
491,JML,Artificial Stew Beef,Pack,China,3.75,NA
490,Foodmon,DJ DOC Instant rice Ramen Topokki,Bowl,South Korea,5,NA
489,JML,Stew Pork,Pack,China,3.25,NA
486,Kamfen,Japanese U-Don Lobster Scallop,Pack,China,3,NA
485,Ottogi,Hot & Spicy Ramen,Cup,South Korea,3,NA
484,Ottogi,Bekse Curry Myon,Cup,South Korea,4.25,NA
483,Itomen,Yellow Buckwheat,Bowl,Japan,4.5,NA
482,Menraku,Shio,Bowl,Japan,4.5,NA
481,Thai Kitchen,Roasted Garlic Rice Noodle,Bowl,USA,3.75,NA
480,Thai Kitchen,Mushroom Rice Noodle,Bowl,USA,3.25,NA
479,Nongshim,Potato Noodle Soup,Pack,South Korea,3.75,NA
478,Vedan,Mushroom & Artificial Cuttlefish,Pack,Taiwan,1.75,NA
477,Mr. Udon,Malaysian Beef Udon,Pack,South Korea,3,NA
476,Annie Chun's,Teriyaki Noodle,Bowl,USA,1.75,NA
475,Gefen,Vegetable,Pack,USA,3.25,NA
473,Myojo,Ramen-Desse Miso Soybean Paste,Bowl,Japan,4.5,NA
472,Thai Kitchen,Spring Onion Rice Noodle,Bowl,USA,3.75,NA
471,Koyo,Lemongrass ginger,Pack,USA,1.5,NA
470,Maruchan,Ramen Noodle Soup Chicken Mushroom,Pack,USA,3.25,NA
469,Gefen,Chicken,Pack,USA,3.5,NA
468,Paldo,Snack Noodle slightly Hot,Pack,South Korea,3.75,NA
465,Nissin,Souper Meal Picante Shrimp Hot Spicy,Bowl,USA,2.75,NA
464,Mama,Vegetable,Pack,Thailand,3.25,NA
463,Ottogi,Ppushu Ppushu Barbecue,Pack,South Korea,3,NA
462,Nissin,Top Ramen Shrimp,Pack,USA,3.5,NA
461,Samyang,Sutah Hot Spicy Beef,Pack,South Korea,3.5,NA
460,Menraku,Tempura Udon,Bowl,Japan,5,NA
459,Gefen,Imitation Chicken Vegetarian,Pack,USA,3,NA
458,Ve Wong,Kung Fu Artificial Beef Rice Noodle,Bowl,Taiwan,3.75,NA
456,Ve Wong,Kung Fu Artificial Szechuan Pork,Bowl,Taiwan,3.75,NA
455,Baijia,Single Noble Pickled Radish & Duck,Cup,China,0.25,NA
454,Koyo,Asian Vegetable,Pack,USA,1.5,NA
453,Nongshim,Bowl Noodle Savory Chicken,Bowl,USA,3.25,NA
452,Myojo,Hyoubanya No Chukasoba Soy Sauce,Pack,Japan,4,NA
451,Myojo,Ippeichan Soybean Paste,Bowl,Japan,4,NA
450,Ottogi,Ppushu Ppushu Tteobokki,Pack,South Korea,3.25,NA
449,Wu Mu,Beef Flavor Ramen,Pack,Taiwan,4.25,NA
448,Ve Wong,Kung Fu Artificial Sesame Chicken,Bowl,Taiwan,3.75,NA
445,iNoodle,Taiwan Style Chow Mein,Pack,Taiwan,2.25,NA
444,Mr. Udon,Chicken,Pack,South Korea,3.25,NA
442,Nongshim,Kalguksoo,Pack,South Korea,4.5,NA
441,Ottogi,Spice Seafood,Pack,South Korea,3.75,NA
440,Maruchan,Instant Lunch Hot spicy Beef,Cup,USA,2.75,NA
439,Little Cook,Tom Yum Seafood Creamy,Bowl,Thailand,3,NA
438,Samyang,Beef,Bowl,South Korea,3.75,NA
437,Nongshim,Big Bowl Spicy Kimchi,Bowl,South Korea,3.25,NA
436,Unif,Artificial Beef With Sauerkraut,Bowl,Taiwan,3.75,NA
432,Ve Wong,Instant Bean Thread Seafood,Bowl,Taiwan,2.5,NA
431,Unif / Tung-I,Chinese Onion Rice Noodle,Pack,Taiwan,2.75,NA
428,Kamfen,E Menm Chicken,NA,China,3.75,NA
425,Chikara,Shrimp Udon,Pack,USA,4.5,NA
424,Q,Noodle With Sesame Sauce,Pack,Taiwan,3.25,NA
423,Noodle Time,Shin Cup,Cup,South Korea,3,NA
421,Myojo,Kakesoba Desse Soy Sauce,Bowl,Japan,2.75,NA
420,Sapporo Ichiban,Beef Flavorc,Cup,USA,3.5,NA
419,Myojo,Ramen Desse Shio,Bowl,Japan,4.25,NA
418,iNoodle,Udon Noodle Soup Oriental,Pack,Taiwan,3.75,NA
416,Sapporo Ichiban,Chicken Flavor,Cup,USA,3.75,NA
415,Ve Wong,Artificial Classic Beef,Bowl,Taiwan,3.75,NA
413,Souper,Alimentary Paste Chow Mein,Pack,Taiwan,4.25,NA
412,Maruchan,Midori No Tanuki,Bowl,Japan,4.125,NA
411,Sunlee,Crab Vermicelli,Bowl,Thailand,3.25,NA
407,Ottogi,Snack Ramyon,Cup,South Korea,3.5,NA
403,Maruchan,Instant Lunch Lime Flavor with Shrimp,Cup,USA,2.25,NA
401,Myojo,Suudon Desse Soy Sauce,Bowl,Japan,4.25,NA
399,Paldo,Spicy Seafood,Cup,South Korea,3.75,NA
398,Paldo,Bowl Noodle Beef With Vegetables,Bowl,South Korea,3.75,NA
395,Ottogi,Jin Ramen (Mild),Cup,South Korea,3,NA
394,Paldo,Hwa Cup Hot Spicy,Cup,South Korea,3.5,NA
393,Kamfen,Dried Mix Noodles XO Sauce,Tray,China,2,NA
392,Nissin,Yakisoba Noodles Karashi,Tray,Japan,5,2012 #3
391,Myojo,Hyoubanya No Chukasoba Oriental,Pack,Japan,4.25,2012 #6
390,Menraku,Curry Soba,Bowl,Japan,4,NA
389,Mama,Vegetarian Tom Yum,Pack,Thailand,2.75,NA
388,Maruchan,Instant Lunch Cheddar Cheese,Cup,USA,2.75,NA
387,Nissin,Bowl Noodles Rich & Savory Beef,Bowl,USA,3.75,NA
386,US Canning,Fu Chang Chinese Noodle Company Pork Seafood,Tray,USA,0,NA
385,Ve Wong,Hot Of Hots Artificial Black Peppered Beef,Bowl,Taiwan,1.25,NA
384,Nissin,Demae Iccho Tom Yam Goong Macaroni,Pack,Japan,4,NA
380,Rhee Bros Assi,Pho Vietnamese Noodle Soup,Tray,South Korea,3.75,NA
379,Nissin,Chow Mein Thai Peanut,Tray,USA,2.5,NA
378,Ve Wong,Hot Of Hots Artificial Satay Beef,Bowl,Taiwan,3.75,NA
373,Nissin,Cup Noodles Chicken Vegetable,Cup,USA,2.75,NA
371,Nissin,Chow Noodles Alfredo,Tray,USA,3.75,NA
369,Bon Go Jang,Tofu Udon Dosirak,Tray,South Korea,3.75,NA
368,Knorr,Chili Pork,Cup,Thailand,3.5,NA
363,Nissin,Demae Iccho Tonkotsu Macaroni,Pack,Japan,3.5,NA
361,Tayho,Vermicelli With Pork,Bowl,USA,1.25,NA
360,Nissin,Cup Noodles Hearty Chicken,Cup,USA,2.5,NA
359,Nissin,Bowl Noodles Hot & Spicy Beef,Bowl,USA,3.75,NA
356,Maruchan,Ramen Noodle Soup Roast Beef,Pack,USA,2.75,NA
355,Nongshim,Noodle Lite 275 Udon Mushroom,Bowl,South Korea,2.5,NA
354,Maruchan,Instant Lunch Chicken 35% Less Sodium,Cup,USA,3,NA
353,Nissin,Top Ramen Chili,Pack,USA,3.25,NA
352,Maruchan,Ramen Noodle Soup Chili,Pack,USA,2.75,NA
351,Nissin,Top Ramen Picante Beef,Pack,USA,3,NA
350,Nissin,Souper Meal Tomato Garlic Shrimp,Bowl,USA,3.5,NA
349,Ottogi,Ramen Bokki,Bowl,South Korea,3.25,NA
348,Paldo,Bowl Noodle Kimchi,Bowl,South Korea,3.5,NA
347,Sunny Maid,Mi Chay Vegetarian,Pack,Taiwan,1.75,NA
346,Paldo,Bowl Noodle Spicy Artificial Chicken,Bowl,South Korea,3.125,NA
345,Myojo,Charumera Shoyu,Pack,Japan,3.5,NA
344,Paldo,Stirfried Kimchi,Pack,South Korea,3.75,NA
342,Nongshim,Shin Big Bowl,Bowl,South Korea,3.5,NA
340,Shirakiku,Japanese Style Tokusen Shoyu,Pack,Japan,4,NA
338,Nissin,Big Cup Noodles Chicken,Cup,USA,2.25,NA
337,Maruchan,Ramen Noodle Soup Creamy Chicken,Pack,USA,5,NA
336,Six Fortune,Instant Noodles With Soup,Pack,South Korea,3.5,NA
335,Goku Uma,Hot & Spicy Beef,Bowl,Japan,3.5,NA
334,Nissin,Big Cup Noodles Beef,Cup,USA,2.125,NA
333,Nissin,Big Cup Noodles Shrimp,Cup,USA,2.25,NA
332,Nongshim,Champong Oriental Noodles,Cup,South Korea,3.75,"
"
331,Sunlee,Crab Noodle,Bowl,Thailand,4.5,NA
329,Mee Jang,Artificial Beef Flavor,Bowl,Thailand,3.5,NA
328,Nongshim,Big Bowl Udon,Bowl,South Korea,4.5,NA
326,Little Cook,TVP Curry Chicken,Bowl,Thailand,4,NA
325,Mee Jang,Artificial Pork,Bowl,Thailand,3.5,NA
324,Nongshim,Big Bowl Spicy Shrimp,Bowl,South Korea,3.5,NA
323,Ottogi,Jin Ramen (Hot),Cup,South Korea,3.5,NA
322,Unif,Shrimp Fish,Bowl,Taiwan,3.75,NA
321,Little Cook,TVP Spicy Beef,Bowl,Thailand,4.75,NA
320,Maruchan,Ramen Noodle Soup Spicy Picante Chicken,Pack,USA,4,NA
319,Maruchan,Ramen Noodle Soup Oriental,Pack,USA,3.75,NA
318,Unif,Super Bowl Artificial Pickled Chilli Beef,Bowl,Taiwan,3.25,NA
317,Maruchan,Yakisoba Cheddar Cheese,Tray,USA,4,NA
316,Unif,Super Bowl Artificial Stewed Pork Chop,Bowl,Taiwan,3.5,NA
315,Unif,Super Bowl Artificial Spicy Beef,Bowl,Taiwan,2.75,NA
314,Paldo,Dosirac Mushroom,Tray,South Korea,2.5,NA
313,Paldo,Dosirac Shrimp,Tray,South Korea,4.25,NA
309,Paldo,Dosirac Beef,Tray,South Korea,3.75,NA
308,Tradition,Imitation Chicken Vegetarian,Pack,USA,3.75,NA
307,Royal Umbrella,Vegetarian Tom Yum,Cup,Thailand,2.75,NA
306,Rhee Bros Assi,Rice Noodle Anchovy Flavor,Tray,South Korea,3.75,NA
304,Mama,Pho Bo Rice Noodle Artificial Beef,Bowl,Thailand,3.5,NA
303,Paldo,Dosirac Artificial Chicken,Tray,South Korea,3.25,NA
302,Samyang,Bowl Noodle Picante Beef,Bowl,South Korea,3.75,NA
301,Dragonfly,Guilin Style Rice Vermicelli,Bowl,China,4.5,NA
300,Wu Mu,Steam Spinach Ramen With Onion,Pack,Taiwan,5,NA
298,Nongshim,Hearty Rice Noodle Spicy Veggie Consomme,Pack,South Korea,2.75,NA
297,Rhee Bros Assi,Rice Noodle Hot & Spicy Kimchi,Tray,South Korea,3.25,NA
295,Tablemark,Soybean Paste,Bowl,Japan,4.5,NA
294,Paldo,South Korean Seafood,Pack,South Korea,3.75,NA
293,Tiger,Onion Flaver Rice Noodle,Bowl,Taiwan,0,NA
292,Paldo,South Korean U Dong,Pack,South Korea,3.75,NA
291,Nongshim,Shin Bowl,Bowl,South Korea,3,NA
289,Paldo,South Korean Broad Noodle,Pack,South Korea,2,NA
288,Saigon Ve Wong,Kung Fu Artificial Beef Rice Noodle,Pack,South Korea,3.25,NA
287,Paldo,King Cup Lobster,Cup,South Korea,3.75,NA
286,Myojo,Hyoubanya No Yakisoba Oriental,Tray,Japan,4,NA
283,Paldo,King Cup Kimchi Pot Stew,Cup,South Korea,4,NA
281,Mama,Oriental Kitchen Hot Spicy,Cup,Thailand,3,NA
280,Rhee Bros Assi,Rice Noodle Katsuo,Tray,South Korea,4,NA
279,Rhee Bros Assi,Rice Noodles Seafood,Tray,South Korea,3.75,NA
278,Fortune,Udon Mushroom,Pack,USA,3,NA
276,Wai Wai,Chili Paste Tom Yum,Pack,Thailand,3.25,NA
275,Mama,Cup Shrimp Tom Yum Flavor,Cup,Thailand,3.75,NA
274,Ve Wong,Kung Fu Artificial Soybean Paste,Pack,Taiwan,4,NA
273,Wai Wai,Minced Pork Tom Yum,Pack,Thailand,2.5,NA
271,Paldo,South Korean Noodle Kimchi Flavor,Pack,South Korea,3.5,NA
270,Wu Mu,Dried Noodle With BBQ Pork,Pack,Taiwan,2,NA
269,Paldo,Spicy Shrimp Bowl,Bowl,South Korea,3.5,NA
268,Nissin,Cup Noodles Spicy Chile Chicken,Cup,USA,3.5,NA
267,Mama,Pork,Cup,Thailand,2,NA
265,Nissin,Cup Noodles Chicken,Cup,USA,3.5,NA
263,Nissin,Chow Mein Kung Pao Chicken,Tray,USA,1.5,NA
260,Nissin,Bowl Noodles Hot & Spicy Shrimp,Bowl,USA,3.5,NA
258,Royal Umbrella,Tom Yum Shrimp,Cup,Thailand,3.25,NA
257,Nissin,Cup Noodles Beef,Cup,USA,3.5,NA
256,Nissin,Cup Noodles Shrimp,Cup,USA,3.5,NA
255,Mama,Oriental Kitchen Spicy Seafood,Cup,Thailand,3.75,NA
253,Nongshim,Bowl Noodle Spicy Seafood,Bowl,USA,4.25,NA
252,Fortune,Udon Chicken,Pack,USA,3.25,NA
251,Fortune,Udon Beef,Pack,USA,3.5,NA
250,Wu Mu,Steamed Noodle Sesame Oil,Pack,Taiwan,3.75,NA
249,Unif,100 Artificial Spicy Beef,Pack,Taiwan,3.75,NA
247,Myojo,Udon Mushroom,Pack,Japan,3,NA
246,Mama,Artificial Pork Jumbo,Pack,Thailand,3,NA
245,Six Fortune,Broad Noodles,Pack,South Korea,3.75,NA
244,Nissin,Karashi Mayo Yakisoba,Tray,Japan,4.75,NA
243,Myojo,Udon Hot & Spicy,Pack,Japan,4.5,NA
242,Fashion Foods,Tom Klong,Bowl,Thailand,2,NA
241,Fu Chang Chinese Noodle Company,Hot & Spicy Beef,Tray,USA,4,NA
240,Sanyo Foods,Aunt Mentaiko Durum Spaghetti,Bowl,Japan,4.5,NA
239,Ottogi,Ppushu Ppushu Sweet & Sour,Pack,South Korea,1.75,NA
238,Nissin,Chow Noodles Tomato Basil,Bowl,USA,4,NA
234,Myojo,Udon Shrimp,Pack,Japan,3.75,NA
229,Myojo,Udon Chicken,Pack,Japan,3.75,NA
226,Nissin,Chow Noodles Cheddar Cheese,Tray,USA,4,NA
225,Ottogi,Snack Ramyon,Pack,South Korea,3.75,NA
224,Mama,Instant Bowl Noodles Artificial Pork,Bowl,Thailand,2.75,NA
222,Myojo,Udon Crab,Pack,Japan,3,NA
221,Nissin,Top Ramen Beef,Pack,USA,3.75,NA
220,Wei Lih,Good Good Eat Super Ramen Original,Pack,Taiwan,3,NA
219,Six Fortune,Tom Yam Instant soup Noodle,Pack,South Korea,2.75,NA
218,Maruchan,Yakisoba Sweet & Sour Chicken,Tray,USA,3,NA
217,Samyang,Bowl Noodle Kimchi,Bowl,South Korea,4,NA
216,Maruchan,Instant Lunch Roast Chicken Flavor,Cup,USA,2.75,NA
215,Maruchan,Yakisoba Chicken,Tray,USA,2,NA
214,Maruchan,Yakisoba Teriyaki Beef,Tray,USA,2,NA
213,Nongshim,Bowl Noodle Spicy Artificial Lobster,Bowl,USA,4,NA
212,Maruchan,Yakisoba Roast chicken,Tray,USA,3.75,NA
210,Rocket Brand,Satoimo Noodles,Pack,China,2.5,NA
209,Nissin,Souper Meal Beef Flavor Minestrone,Bowl,USA,3,NA
208,Sao Tao,Ramen King Scallop Seafood,Pack,China,4.25,NA
207,Sapporo Ichiban,Original Flavor,Pack,USA,3.5,NA
206,Bon Go Jang,Deuchi Udon,Bowl,South Korea,3,NA
205,Sapporo Ichiban,Beef Flavor,Pack,USA,4.5,NA
204,Nongshim,Bowl Noodle Spicy Shrimp,Bowl,USA,2.5,NA
203,Nongshim,Bowl Noodle Hot & Spicy,Bowl,USA,2,NA
202,Nongshim,Bowl Noodle Cabbage Kimchi,Bowl,USA,3.25,NA
201,Nongshim,Bowl Noodle Beef Ginger,Bowl,USA,3.5,NA
200,Nongshim,Bowl Noodle Spicy Chicken,Bowl,USA,4.5,NA
199,Samyang,Chinese Soybean Paste,Pack,South Korea,2,NA
198,Shirakiku,Sanukiya Somen,Bowl,Japan,4.25,NA
197,Rhee Bros Assi,Rice Noodle With Spicy Flavored Soup,Tray,South Korea,2.25,NA
195,Myojo,Chukazanmai Served Cool Sesame Flavored Rice Vinegar Sesame,Pack,Japan,3,NA
193,Boss,Shrimp Tom Yum Flavor,Bowl,Thailand,2.5,NA
192,Paldo,Soy Flavor Noodle,Pack,South Korea,4.25,NA
191,Wu Mu,Steamed Noodle Chinese Herbs,Pack,Taiwan,3.25,NA
188,Nongshim,Udon,Pack,South Korea,4,NA
187,Paldo,Hwa Ramyun Soy Peptide,Pack,South Korea,4,NA
186,Paldo,Teumsae Ramyun,Pack,South Korea,3.5,NA
185,Shirakiku,Sanukiya Udon,Bowl,Japan,3.75,NA
184,Myojo,Chukazanmai Soy Sauce,Pack,Japan,3.75,NA
183,Nissin,Bowl Noodles Hot & Spicy Chicken,Bowl,USA,2,NA
182,Myojo,Chukazanmai Soy Sauce chili Oil,Pack,Japan,3.25,NA
181,Kamfen,Noodle King Thin Wonton,Pack,China,2,NA
180,Myojo,Hyobanya No Yakisoba Sauce Flavor,Tray,Japan,4.75,NA
179,Mama,Kimchi,Pack,Thailand,3,NA
178,Mama,Oriental Style Clear Soup,Pack,Thailand,2,NA
176,Paldo,Dosirac Pork,Tray,South Korea,4.125,NA
175,Samyang,Cold Ramen With Ponytail Radish,Pack,South Korea,3,NA
173,Unif / Tung-I,Instant Bean Vermicelli Shrimp,Pack,Taiwan,1.5,NA
172,Mama,Flat Noodle Tom Yum,Pack,Thailand,3.75,NA
171,Samyang,Japanese Seafood Flavor Udon,Pack,South Korea,3.75,NA
170,Myojo,Chukazanmai Soybean Paste,Pack,Japan,3.5,NA
169,Samyang,Seafood Party,Pack,South Korea,2.25,NA
168,JFC,Japanese Style Noodle Fresh Udon,Bowl,Japan,3.75,NA
167,Wai Wai,Crab Instant Rice Vermicelli,Pack,Thailand,2.5,NA
166,Koyo,Garlic Pepper,Pack,USA,3.25,NA
164,Unif / Tung-I,Artificial Beef Flavor,Pack,Taiwan,3.75,NA
162,Myojo,Chukazanmai Oriental,Pack,Japan,3.75,NA
161,Paldo,Green Tea Chlorella,Pack,South Korea,0,NA
160,Myojo,Ramen Desse Soy Sauce,Bowl,Japan,1.5,NA
159,Mama,Hot & Spicy,Pack,Thailand,1.75,NA
158,Mama,Jok Cup Porridge Artificial Pork,Cup,Thailand,2.5,NA
156,Maruchan,Instant Lunch Cajun Style With chili Piquin Shrimp,Cup,USA,3,NA
154,Nissin,Creamy Chicken,Cup,USA,1.75,NA
153,Sapporo Ichiban,Shrimp Flavor,Cup,USA,1.75,NA
152,Wu Mu,Steamed Noodle Garlic & Sesame Oil,Pack,Taiwan,4.5,NA
151,Shirakiku,Japanese Style Tokusen Miso,Pack,Japan,3,NA
150,Chorip Dong,Jjambbong Hot Spicy Seafood,Bowl,South Korea,4.25,NA
149,Maruchan,Akai Kitsune Udon,Bowl,Japan,4,NA
148,Myojo,Okinawa Soba,Pack,Japan,3.75,NA
147,Higashi,Nagasaki Sara Udon,Pack,Japan,5,NA
146,Mama,Pho Bo,Pack,Thailand,2.5,NA
145,Sakurai,Vegetarian Flavor,Pack,Japan,3.5,NA
144,Nongshim,Kimchi Ramyun,Pack,South Korea,3.5,NA
143,Mama,Mamy Chand Clear Soup,Pack,Thailand,2.75,NA
142,Nissin,Chow Mein Teriyaki Beef,Tray,USA,4.5,NA
141,Six Fortune,Seafood Flavor,Pack,South Korea,2.5,NA
140,Mama,Mi Goreng,Pack,Thailand,5,NA
139,Kamfen,Noodle King Beef,Pack,China,1.75,NA
138,Unif,100 Furong Shrimp,NA,Taiwan,3,NA
137,Nissin,Bowl Noodles Rich & Savory Chicken,Bowl,USA,1.75,NA
136,Mama,Shrimp Creamy Tom Yum,Pack,Thailand,5,NA
135,Unif / Tung-I,Fresh Shrimp,Pack,Taiwan,3.25,NA
134,Global Inspiration,Gyeong-Gi-Do Rice,Bowl,South Korea,2.25,NA
133,Baijia,Hot & Sour Rice Noodle,Pack,China,0,NA
132,Ve Wong,Artificial Peppered Beef,Pack,Taiwan,3.5,NA
131,Unif,100 Artificial Shallot Chicken,Pack,Taiwan,3.25,NA
130,Sapporo Ichiban,Miso Soybean Paste,Pack,Japan,3.5,NA
129,Nongshim,Mupama Tang Myun,Pack,South Korea,3.5,NA
128,Mama,Artificial PA-LO Duck,Pack,Thailand,0.1,NA
126,Mama,Tom Yam Koong Rice Vermicelli,Pack,Thailand,1.5,NA
125,Shirakiku,Japanese Style Tokusen Karami,Pack,Japan,3,NA
124,Nissin,Yakisoba With Mayonnaise/Mustard Packet,Tray,Japan,5,NA
123,Wai Wai,Minced Pork Soeng Kreung,Pack,Thailand,3.7,NA
121,Ottogi,Bekse Curry,Pack,South Korea,4,NA
120,Samyang,Beef,Pack,South Korea,4,NA
119,Ve Wong,Artificial Pork & Chicken,Pack,Taiwan,3.4,NA
118,Paldo,Bibim Men,Pack,South Korea,3.75,NA
117,Ottogi,Ramyonsari,Pack,South Korea,4,NA
116,Mama,Nam Vang,Pack,Thailand,3.6,NA
115,Ottogi,Miso Ramyun,Pack,South Korea,2.8,NA
114,Samyang,Kimchi,Pack,South Korea,2.9,NA
113,Nongshim,Hooroorook,Pack,South Korea,4,NA
112,Ottogi,Jiajang Noodle,Pack,South Korea,3.75,NA
111,Ottogi,Odongtongmyon Seafood Spicy,Pack,South Korea,3.25,NA
109,Mama,Pad Thai,Pack,Thailand,3.1,NA
108,Teriyaki Time,Ramen,Bowl,USA,2,NA
107,Ottogi,Pow Crunch Teriyaki,Pack,South Korea,1.1,NA
106,GreeNoodle,Tom Yum,Pack,Thailand,0.5,NA
104,Maruchan,Ramen Noodle Soup Chicken,Pack,USA,2,NA
103,Ve Wong,Vegetarian Flavor,Pack,Taiwan,3,NA
101,Ve Wong,Artificial Sesame Chicken,Pack,Taiwan,4.25,NA
100,Unif / Tung-I,Artificial Chinese Beef,Pack,Taiwan,2.85,NA
99,Ve Wong,Kung Fu Artificial Onion,Pack,Taiwan,2.75,NA
98,Unif / Tung-I,Chah Chiang,Pack,Taiwan,2.5,NA
95,Wei Lih,Artificial Beef Flavor,Pack,Taiwan,1,NA
94,Mama,Artificial Chicken,Pack,Thailand,2.5,NA
92,Fashion Food,Tom Yum Seafood Creamy,Bowl,Thailand,2,NA
90,Long Kow,Crystal Noodle Six Kinds Of Mushrooms,Pack,China,2.3,NA
89,Unif,100 Artificial Stewed Pork Chop,Pack,Taiwan,3.2,NA
88,Paldo,South Korean Noodle Chicken,Pack,South Korea,3.25,NA
87,Wai Wai,Tom Yum Shrimp Cream Soup,Pack,Thailand,2.75,NA
86,Unif / Tung-I,Onion Flavor,Pack,Taiwan,3.65,NA
85,Nissin,Demae Ramen Sesame,Pack,Japan,3.75,NA
84,Samyang,Kalgug-Su Assorted Clam,Pack,South Korea,1.8,NA
83,Nissin,Demae Ramen Spicy Flavor,Pack,Japan,2,NA
82,Nissin,Demae Ramen Miso,Pack,Japan,2.75,NA
81,Unif / Tung-I,Artificial Spicy Beef,Pack,Taiwan,3.5,NA
80,Unif / Tung-I,Artificial Chicken,Pack,Taiwan,3.5,NA
79,Sapporo Ichiban,Kitsune Udon,Pack,Japan,3.25,NA
78,Nissin,Demae Ramen Seafood,Pack,Japan,2.5,NA
77,Nissin,Demae Ramen Prawn,Pack,Japan,3.25,NA
74,Nissin,Demae Ramen Shoyu,Pack,Japan,4,NA
73,Nissin,Demae Ramen Five Spices Artificial Beef,Pack,Japan,3.5,NA
72,Nissin,Demae Ramen Tonkatsu Artificial Pork,Pack,Japan,3.5,NA
71,Nissin,Demae Ramen Satay,Pack,Japan,2.5,NA
70,Nissin,Demae Ramen XO Sauce Seafood,Pack,Japan,4,NA
69,Baijia,Spicy Fei- Chang Sweet Potato Noodle,Pack,China,1.75,NA
68,Wei Lih,Jah Jan Mien Instant Noodle With Fried Soybean Paste,Pack,Taiwan,4,NA
67,Maruchan,Ramen Noodle Soup Lime Chili Shrimp,Pack,USA,2,NA
66,Maruchan,Ramen Noodle Soup Pork,Pack,USA,4,NA
65,Nissin,Top Ramen Oriental,Pack,USA,2.5,NA
64,Sapporo Ichiban,Chicken Flavor,Pack,USA,3.5,NA
63,Nissin,Souper Meal Chicken Flavor With Vegetable Medley,Bowl,Japan,3,NA
58,Ve Wong,A-One Bun Tom Shrimp,Pack,Taiwan,3,NA
55,Hua Feng Noodle Expert,Favoury Pork Flavor,Pack,China,1,NA
54,Hua Feng Noodle Expert,Spicy Seafood Flavor,Pack,China,3,NA
43,Kim Ve Wong,Jaopai Series: Vegetarian Instant Noodles,Bowl,Taiwan,0,NA
41,Little Cook,Pork Mustard Stem,Bowl,Thailand,0.5,NA
35,Mama,Chand Clear Soup,Pack,Thailand,3,NA
34,Maruchan,Ramen Noodle Soup Shrimp,Pack,USA,2,NA
31,Myojo,Ippeichan Yakisoba,Tray,Japan,4,2013 #6
30,Myojo,Special Duck,Pack,Japan,1,NA
29,Mee Jang,Tom Yum Shrimp,Bowl,Thailand,3.5,NA
28,Nissin,Chikin Ramen,Pack,Japan,5,NA
27,Nissin,Demae Ramen Curry Flavor,Pack,Japan,4,NA
26,Nissin,Soba Noodles With Mayo Mustard Squirt,Pack,Japan,4,NA
25,Nissin,Demae Ramen Spicy Flavor,Pack,Japan,3,NA
24,Nissin,Demae Ramen Spicy Seafood With Chili Pepper,Pack,Japan,2,NA
23,Nissin,Top Ramen Creamy Chicken,Pack,USA,4.5,NA
22,Nongshim,Ansungtangmyun Noodle Soup,Pack,South Korea,3.75,NA
21,Nongshim,Champong Oriental Noodles,Pack,South Korea,4,NA
20,Nongshim,Neoguri (Seafood'n'Spicy),Pack,South Korea,3.5,NA
19,Nongshim,Shin Ramyun,Pack,South Korea,4,NA
18,Ottogi,Jin Ramen (Hot Taste),Pack,South Korea,3.5,NA
16,Samyang,Kalgug-Su (Spicy),Pack,South Korea,3.5,NA
15,Samyang,Pojangmacha U-dong,Pack,South Korea,2.5,NA
14,Samyang,Hot,Pack,South Korea,3.5,NA
13,Sapporo Ichiban,Chow Mein,Pack,Japan,5,2012 #4
12,Sapporo Ichiban,Shrimp Flavor,Pack,Japan,2.5,NA
11,Six Fortune,Chicken Flavor Instant Soup Noodle,Pack,South Korea,2,NA
10,Smack,Vegetable Beef,Pack,USA,1.5,NA
9,Sutah,Cup Noodle,Cup,South Korea,2,NA
8,Tung-I,Chinese Beef Instant Rice Noodle,Pack,Taiwan,3,NA
4,Wai Wai,Oriental Style Instant Noodles,Pack,Thailand,1,NA
3,Wai Wai,Tom Yum Shrimp,Pack,Thailand,2,NA
2,Wai Wai,Tom Yum Chili Flavor,Pack,Thailand,2,NA
1,Westbrae,Miso Ramen,Pack,USA,0.5,NA
